Date,MinTemp,MaxTemp,Rainfall,Evaporation,Sunshine,WindGustSpeed,WindDir,WindSpeed9am,WindSpeed3pm,Humidity,Pressure9am,Pressure3pm,Cloud9am,Cloud3pm,Temp9am,Temp3pm,RainToday,RainTomorrow
2015-10-20,20.4,26.9,7,6.8,5.2,50,S,17,20,81,1019.3,1016.3,7,7,23.4,23.5,Yes,Yes
2010-11-18,23.4,33.6,56,7.4,8.3,56,S,7,22,55,1010.1,1006.4,7,7,30,32.8,Yes,Yes
2012-07-10,8.7,12.2,7.8,0.4,0.6,24,E,7,9,91,1014.5,1009.2,8,7,9.8,11.6,Yes,Yes
2010-04-03,23.1,25.3,25.8,3.6,0.3,41,S,15,22,92,1011.8,1009.4,7,8,24.3,23.9,Yes,Yes
2013-06-29,12.8,15.6,27.2,3.2,0,31,E,9,24,80,1024.9,1022.9,8,8,14.2,13.9,Yes,Yes
2016-07-30,9.1,13.8,2.4,1.6,3,59,N,19,28,74,1021,1016.6,6,7,11.2,12.6,Yes,Yes
2013-06-13,8.7,11.9,8.4,1,0,37,S,13,15,100,1008.9,1008.8,8,8,11.5,11.8,Yes,Yes
2010-12-20,14.8,26.8,9.6,8.6,1.2,46,E,11,22,64,1010.5,1007.6,8,7,17.3,21.5,Yes,Yes
2011-06-05,5,10.3,4.2,0,1.4,24,E,6,15,88,1019.6,1015.4,8,7,7,8.8,Yes,Yes
2015-02-09,23.3,33.7,34,7.6,5.9,50,S,13,15,58,1011,1006.6,7,7,27.2,33.3,Yes,Yes
2010-01-02,21.5,28.9,15.4,2.4,4.2,33,N,17,17,81,1010.2,1007.9,8,7,22.1,26.4,Yes,Yes
2014-07-02,16.5,19.5,11.2,2.2,4.3,44,W,9,19,63,1013.8,1016.2,8,3,16.5,18.8,Yes,Yes
2015-12-20,25.1,36.4,4.6,10.8,7,59,N,22,24,93,1006.7,1004.9,7,8,28.8,24.3,Yes,Yes
2013-07-06,8.1,12.9,7.8,1.4,6.3,67,W,31,20,75,1014.9,1016.4,8,8,10.8,12,Yes,Yes
2012-06-24,9.7,14.8,4,1.2,6.1,54,W,24,22,77,1027.1,1027.2,7,5,12.5,14.2,Yes,Yes
2009-01-01,23.6,31.4,15.8,4.6,3.4,28,E,4,19,70,1008.1,1005.6,7,6,28,30.1,Yes,Yes
2011-10-02,11.8,16.9,7,6.4,0.2,69,S,46,41,63,1013.3,1016.7,7,7,13.3,15.5,Yes,Yes
2012-05-03,1.1,14,8.4,0.8,3.8,44,N,15,26,70,1019.3,1017.5,5,8,9,12,Yes,Yes
2012-09-29,4.6,12.8,10.4,3.8,8,69,W,22,22,80,1008.1,1011.4,1,7,9,8.5,Yes,Yes
2011-09-30,8.7,17.1,16.2,2.4,5,33,W,11,6,65,1004.2,1001.2,6,7,11.9,13.3,Yes,Yes
2012-10-12,8.5,16,3.4,2,4.3,74,W,35,22,87,1006.3,1010.7,5,7,8.7,12.2,Yes,Yes
2012-01-09,12.5,20,4.4,8,8.4,61,W,24,39,65,1009.2,1010.4,8,8,15.7,16.1,Yes,Yes
2013-04-02,13,19.3,1.8,1.2,4.2,43,W,13,28,64,1020.1,1020.6,1,7,15.6,17.8,Yes,Yes
2013-05-16,9.1,15.4,1.4,2.6,2.1,67,W,31,31,82,1007.6,1009.6,4,8,11.8,10.9,Yes,Yes
2013-05-11,20.6,27.5,12.2,4.2,8,65,S,22,30,76,1017.1,1014.4,4,6,24,24.3,Yes,Yes
2010-05-22,24.7,32.5,5.2,1.6,6.6,31,E,11,17,63,1011.8,1007.7,5,6,28.3,31.7,Yes,Yes
2016-12-20,25,28.9,10.4,3.4,0.9,59,N,20,30,90,1001.6,999.5,5,7,27.9,27.3,Yes,Yes
2009-01-25,25,31.6,3.8,5.8,5.9,26,W,11,13,70,1009.6,1006.9,7,7,28.4,30.8,Yes,Yes
2012-08-30,7.9,14,1.6,5,8.8,65,W,31,39,70,1010.5,1012.5,3,7,9.2,10.8,Yes,Yes
2014-04-27,17.4,23.6,13.4,2.8,7.9,50,W,7,17,64,1006.4,1007.3,7,6,20.9,21.9,Yes,Yes
2010-02-14,19,27.7,40.4,3,6.3,26,S,13,11,59,1006.8,1004,7,5,19.6,25.8,Yes,Yes
2009-12-27,23.1,31.3,2.8,4.2,4.4,28,N,7,19,50,1010,1006.7,7,6,27.6,30.1,Yes,Yes
2012-01-15,17.4,24.2,32.2,11,1.2,44,E,11,24,65,1019.9,1019.5,7,7,18.4,22.2,Yes,Yes
2011-05-02,12.4,16.2,2.8,2.2,0,17,W,7,9,81,1017.7,1016.7,7,7,13.8,16,Yes,Yes
2011-12-14,21.4,23.7,13,1,0,57,N,24,17,95,1009.6,1008.1,8,8,22.4,22.3,Yes,Yes
2009-05-22,9.9,17.5,12,3.4,6.2,70,W,20,24,62,1003.2,1005.5,3,4,15.2,15.1,Yes,Yes
2012-08-22,5,17.2,3,0.8,6.3,54,N,15,13,61,1004,997.3,5,5,6.1,16.1,Yes,Yes
2010-09-25,22.6,29.8,1.2,2.8,8.9,41,E,17,26,70,1017.9,1014.7,5,6,26.7,28,Yes,Yes
2013-06-16,7,12.5,4.6,1.2,2.1,39,W,11,19,86,1020.6,1017.9,4,5,8.9,10.7,Yes,Yes
2016-08-17,11.1,15.6,2,3,0.1,80,N,33,17,84,1003.1,1003.1,5,7,14.8,13.4,Yes,Yes
2013-05-30,20.5,27.7,2.8,5.4,8.6,52,S,20,30,68,1017.5,1014.9,5,5,23.8,25.9,Yes,Yes
2010-08-29,21.6,24,3,3.2,0,35,S,15,17,97,1017.4,1015.7,8,8,22.2,22.6,Yes,Yes
2011-08-27,13.9,16,11.2,5.4,0.2,33,E,19,15,94,1020.8,1017,8,8,14.2,15.8,Yes,Yes
2011-02-18,23.8,26.9,40,4,0,41,W,13,30,85,1003.9,1002.4,8,8,24.6,26.4,Yes,Yes
2011-10-30,9.4,15.9,3.4,7.8,1.7,61,W,20,35,84,1016.3,1020.2,8,7,10.7,13.7,Yes,Yes
2009-06-28,9.6,13,6,0.4,0.6,24,W,11,13,76,1007.7,1007.1,8,7,10.3,12.3,Yes,Yes
2010-01-07,20.6,23.4,27,10.2,0.1,67,E,31,24,93,1005.7,1003.8,7,8,21.2,22.3,Yes,Yes
2013-11-11,20.7,28.7,4,7.4,6.1,31,N,9,13,57,1014.5,1011.3,7,7,26.4,26.8,Yes,Yes
2011-12-04,23.4,26.6,3.8,7.8,0.5,50,E,31,13,95,1010.9,1008.4,8,8,23.4,24.1,Yes,Yes
2016-03-22,15.5,23.8,1.2,4.2,7.5,50,W,19,26,67,1017.2,1014.9,7,4,17.3,21.5,Yes,Yes
2014-05-29,14.1,18.7,13.4,2.2,4.1,26,W,7,13,85,1022.9,1019.5,7,3,15.9,17.8,Yes,Yes
2011-06-08,6.3,11.3,4,1.4,7.3,56,S,19,17,72,1024.1,1024.6,6,7,8.5,8.8,Yes,Yes
2012-02-06,11.7,19.8,6.4,4.8,8.7,57,W,24,39,54,1006.8,1007.1,7,2,15.2,19.2,Yes,Yes
2016-06-20,8.9,12.4,7,1.4,0,48,S,26,22,89,1005.8,1004,8,8,11.8,11.8,Yes,Yes
2009-07-10,10.8,17.8,19,1.6,4.9,56,W,19,24,87,1007.3,1009.1,6,7,13.1,14.3,Yes,Yes
2011-08-17,10.3,13.4,9.2,1.6,4.2,83,N,31,46,78,998.6,1000.5,7,8,11.1,10.4,Yes,Yes
2010-12-08,21,23.5,2.6,5,0.6,65,N,37,20,70,1003.5,1003.5,7,8,21.2,22.2,Yes,Yes
2010-05-19,24.8,32,5.8,3,10,35,E,26,26,55,1012.1,1009.1,6,5,26.9,31.2,Yes,Yes
2011-06-06,5.4,11.7,16,2.2,4.1,46,W,9,24,84,1019.3,1018.2,5,8,8.1,9.6,Yes,Yes
2016-03-03,25.5,30.8,3.4,9.6,2.3,52,S,11,24,72,1011.7,1008.8,4,7,26.5,29.5,Yes,Yes
2012-08-16,5.7,13.6,8,1.8,1.9,57,N,20,31,89,1007.9,1001.7,3,8,8,9.2,Yes,Yes
2009-07-27,7.8,13,10.2,1,5.8,61,W,24,28,80,1015.2,1017,6,6,10.4,11,Yes,Yes
2012-01-25,21.3,26,4.8,2.4,0,35,E,13,13,90,1014.6,1013.3,7,8,22.8,23.2,Yes,Yes
2009-11-21,16.7,25.6,1.4,6.2,0,35,S,9,19,54,1010,1006.4,8,8,17.5,25,Yes,Yes
2012-11-28,14.2,22,4,5.8,5.5,98,N,28,52,63,1000.2,996.2,7,7,17.1,20.7,Yes,Yes
2016-09-11,6.6,16.6,1.2,1.2,7.2,37,N,15,22,50,1019.6,1017.3,1,7,11.8,15.7,Yes,Yes
2013-07-29,8.6,13.7,1.6,1.6,3.5,43,N,15,22,99,1015.7,1014.6,3,8,10.8,12.3,Yes,Yes
2014-01-21,25.2,31.8,13.6,3,4.8,56,W,13,30,67,1006.5,1004.6,6,7,29,28.1,Yes,Yes
2015-08-04,5.2,11.3,2.2,1.8,3.5,46,W,13,20,74,1027.8,1024.7,8,7,6.6,10.1,Yes,Yes
2013-03-28,22.4,29.8,11,5.6,5.8,43,S,17,30,63,1013.5,1010.8,7,6,25,28.8,Yes,Yes
2009-05-25,15.6,19.8,5.8,5.4,2.9,41,N,24,13,68,1017.2,1016,8,5,15.6,19.2,Yes,Yes
2010-06-07,8.8,15,5.2,3.4,3.9,50,W,17,30,91,1024.3,1023.3,1,7,11.8,12.7,Yes,Yes
2017-02-18,21.8,29.4,8,5.4,7,41,S,17,20,58,1007.1,1004.9,3,2,22.9,28.8,Yes,Yes
2017-04-25,15.5,18,25.8,3.4,3.6,46,W,15,11,84,1008.1,1006.8,7,7,15.7,17.1,Yes,Yes
2015-01-17,25.2,34,3,7,5.8,35,W,9,15,53,1010.9,1007.3,7,4,29.7,32.5,Yes,Yes
2014-08-07,12.7,19.3,3.8,3.6,0.5,26,N,11,13,73,1023.6,1021.1,8,8,15.1,18.8,Yes,Yes
2009-04-20,16.2,20.7,5,7,2.9,61,S,37,33,72,1020.4,1018.8,7,8,19.1,18.7,Yes,Yes
2009-06-09,6.8,11.6,9.6,2.4,2.7,54,N,17,24,63,1007,1005.9,7,7,7.3,11.4,Yes,Yes
2014-05-10,12.3,16.9,5,3,2,54,N,19,13,79,1017.7,1016.8,7,7,14.2,16.6,Yes,Yes
2012-06-19,10.1,20.7,8.2,2.2,3.8,43,N,13,31,68,1011.3,1011.2,7,3,16,18.9,Yes,Yes
2012-05-07,12.6,22.1,2.6,3,6.1,63,N,13,41,63,1010.4,1007.3,6,6,15.9,20.5,Yes,Yes
2011-11-06,22.2,29.6,28.2,11.2,2.4,37,S,17,20,66,1013.4,1009.7,8,6,24.2,28.6,Yes,Yes
2013-07-16,11.9,18,10.4,2.6,2.2,78,N,20,31,67,1011.3,1006.5,7,4,13.7,15.5,Yes,Yes
2015-06-16,10.3,13.5,7.6,0.8,0.2,24,N,7,17,89,1017.4,1014.4,7,8,10.7,13.1,Yes,Yes
2014-02-04,20,21.4,9,6.8,0.4,57,E,30,26,95,1015,1012.3,8,8,20.4,21.3,Yes,Yes
2010-03-02,20.9,23.9,60.6,3.2,0,37,E,13,15,91,1010.5,1008.2,8,8,21.1,21.9,Yes,Yes
2016-03-16,19.7,26.2,23,6,7.6,39,S,9,20,58,1019.7,1018,8,4,20.7,25.4,Yes,Yes
2009-09-28,10.6,17,2.2,4.4,0.9,48,S,31,31,51,1013.6,1011.6,7,7,14.3,15.5,Yes,Yes
2014-05-09,13.3,22.1,4.6,3.4,8.8,37,W,11,13,68,1014.4,1014.3,6,7,19.6,20.1,Yes,Yes
2012-10-28,22.9,32.8,5.8,7.4,4.4,57,N,13,9,61,1012.1,1007.4,8,5,23.4,32,Yes,Yes
2013-08-03,4.1,14.7,2,2.6,7.6,67,W,9,33,47,1012.3,1006.4,1,3,8.8,13.9,Yes,Yes
2012-09-07,7.8,14.2,8.8,7,7.9,69,W,26,35,65,1003.4,1006.1,7,3,10.2,12,Yes,Yes
2013-09-17,12.4,14.6,16.8,2.8,0.8,52,E,39,31,88,1005,1003,8,8,13.6,14.5,Yes,Yes
2015-02-14,23.6,33.9,13.2,6.6,8.3,70,S,9,20,57,1009.1,1005.7,2,6,29.1,33.2,Yes,Yes
2011-01-11,21,26.3,4.2,2.2,0.8,26,E,9,7,95,1008.2,1004.7,8,8,21.7,22,Yes,Yes
2015-08-05,3.7,10.9,2.6,1.8,4.2,37,W,15,17,73,1012.8,1013.2,5,5,8.2,8.7,Yes,Yes
2011-03-21,19.3,26.8,18.6,5.2,2.6,52,E,22,28,78,1007,1003.5,8,7,21.1,25.4,Yes,Yes
2012-07-24,10.4,14,6.8,2.4,0.6,26,W,17,11,85,1027.9,1025.6,7,7,11.2,13.6,Yes,Yes
2010-09-05,10.5,16.9,5.6,2.4,5.8,80,W,22,20,77,1009.1,1011.6,1,7,12,11.9,Yes,Yes
2010-01-08,25,32.4,23.8,6.4,5.4,41,W,26,28,66,1006.7,1003.7,7,8,31,31.8,Yes,Yes
2012-06-17,8.1,15.3,4.2,1.4,7.6,39,W,11,24,83,1021.1,1021.7,7,1,11,13.1,Yes,Yes
2014-10-13,14.1,20.2,8.2,6,5.9,50,W,13,30,46,1007,1006.6,7,6,18.2,18.3,Yes,Yes
2013-01-27,23.2,25.3,54.6,2,0,70,E,22,24,97,1003.3,999,8,8,24.2,23.7,Yes,Yes
2012-01-23,23.4,29.3,49.4,9,1.4,54,E,6,13,76,1008,1005.6,7,7,26.5,28.9,Yes,Yes
2016-11-13,10.7,18.4,2.8,7.2,1.7,44,N,22,9,63,993.8,992.8,7,7,12.4,17.1,Yes,Yes
2017-03-30,8.7,18.8,4,6.4,8,44,W,13,22,49,1016.4,1017.3,4,6,10.2,17.2,Yes,Yes
2011-01-22,24,27.8,81.6,2.2,0.2,56,S,22,30,96,1004.2,1002.5,8,8,25,23.8,Yes,Yes
2016-12-29,25.2,31.7,25.2,2.2,3.8,41,S,17,26,66,1006.8,1003.5,8,7,26.9,30.6,Yes,Yes
2010-07-11,10,19,12.8,1,5.4,61,N,11,22,63,1014.8,1010.5,7,7,11.9,17.7,Yes,Yes
2011-01-08,17.8,19.7,2,11.4,0.3,43,S,17,13,94,1009,1011.4,8,8,18.6,16.7,Yes,Yes
2013-03-13,20.3,23.8,1.6,3,2.5,59,E,28,37,79,1011,1008,7,7,21,23.3,Yes,Yes
2017-02-13,23.6,29.9,14.6,1.8,2.8,61,W,30,35,71,1008.2,1006.5,8,7,26.7,29.4,Yes,Yes
2010-06-25,12.8,14.2,5.4,3,0.3,37,N,13,15,94,1017.4,1017.6,7,8,14.2,11.1,Yes,Yes
2011-11-10,24.2,32.4,8,6.4,4.5,35,S,11,17,84,1013.2,1009.9,7,6,27.1,27,Yes,Yes
2017-05-07,8.9,14.8,1.4,3,5.7,35,W,7,11,50,1028.8,1028.8,1,4,10.9,14.8,Yes,Yes
2012-06-21,8.7,10.5,8.2,2.8,0,56,N,24,28,86,1008,1002.3,8,8,9.6,9.6,Yes,Yes
2016-01-05,16.7,21,2.2,6.2,0,41,E,11,19,82,1015.6,1014,7,8,18,18.9,Yes,Yes
2011-07-06,8.9,14.2,1.8,3.8,2.6,50,N,24,22,59,1005.5,1001.7,6,7,10.9,13.4,Yes,Yes
2015-09-25,10.1,16.4,31.8,2.8,4.3,54,S,13,26,63,1029.3,1027.8,7,7,13.4,15.9,Yes,Yes
2010-10-22,20.8,28.8,32.4,3.6,3.5,35,S,19,26,71,1016.1,1012.7,7,7,24.4,26.5,Yes,Yes
2016-09-09,14.2,15.4,1.4,5.4,0,70,N,28,13,93,1010.1,1008.4,8,8,14.5,14.7,Yes,Yes
2012-07-05,8.7,14.9,4,2.6,4.5,44,W,17,24,72,1031,1030.1,5,7,10.7,13.6,Yes,Yes
2015-09-18,13.6,20,2.2,6.4,7.7,52,S,20,26,44,1026.2,1025.5,5,2,15.8,18.9,Yes,Yes
2015-06-21,14.2,19.4,33,2.8,2.9,61,W,11,24,70,1006.8,1008.1,7,7,15.3,14.2,Yes,Yes
2014-06-30,4.8,9.8,4.2,0.4,4.2,31,W,15,20,73,1020.3,1020.6,7,7,5.3,9,Yes,Yes
2009-08-03,5.4,12.3,2,1.8,8.3,63,W,30,24,39,1008.5,1010.5,1,2,8.5,11.5,Yes,Yes
2010-01-21,24.4,31.4,6.4,5,0,56,S,17,33,59,1007.9,1004.5,8,8,27.6,31.2,Yes,Yes
2009-04-02,19.8,25.3,4,3.8,2.4,44,E,24,19,76,1023.4,1021.8,8,7,20.6,23.9,Yes,Yes
2010-10-13,16.3,19.4,4.2,5.6,1.4,22,S,7,13,95,1017.3,1015.3,8,8,16.9,17.1,Yes,Yes
2010-04-18,24.1,31.7,3.6,4,9.4,46,E,22,22,61,1011.2,1007.8,7,7,26.2,30.4,Yes,Yes
2014-01-11,23.6,32.3,15.4,8,1.6,44,S,20,20,88,1011.7,1009.4,7,8,26.6,24.5,Yes,Yes
2010-01-20,22.4,30.6,5.2,2.6,0.1,39,E,11,19,65,1007.4,1004.4,7,8,25,29.8,Yes,Yes
2011-11-21,24.7,32.5,10.4,4.2,11.6,37,N,19,19,54,1009.5,1006.1,6,6,30,31.8,Yes,Yes
2016-07-09,8.2,14.5,27.4,3,3.1,57,S,19,11,88,1007.9,1008.8,6,7,10.6,8.4,Yes,Yes
2009-06-19,13.1,16.6,14.2,1,5.5,63,W,20,26,47,1005.1,1009.6,7,5,16.5,14.3,Yes,Yes
2016-08-21,9.5,14.8,1.2,2.4,0.8,33,N,11,9,72,1015.8,1012.8,7,7,11.6,13.9,Yes,Yes
2016-03-09,22.1,27.2,6.2,5.2,3.3,30,E,9,15,73,1021.8,1019.4,6,7,25.1,26,Yes,Yes
2015-02-04,17.3,25.6,1.2,6.4,6.6,43,W,15,30,58,1015.7,1015.7,7,6,20.1,22.9,Yes,Yes
2014-09-05,8.8,18.2,4.4,3.6,8.7,52,W,17,26,57,1021.8,1021.7,3,2,13.2,16.7,Yes,Yes
2011-06-21,6.2,10.9,6.8,1.8,3.4,59,W,17,24,65,1004.3,1005.2,8,5,6.2,10.6,Yes,Yes
2010-12-08,22.6,25.5,2.8,5,0.6,65,N,37,20,69,1003.4,1003.8,7,8,25.3,23.3,Yes,Yes
2011-11-26,12.7,25.6,43.4,4.4,6.7,65,N,13,39,34,1008.3,1004,8,4,16.1,23.8,Yes,Yes
2011-02-11,22.9,28.3,50.2,7.2,1,37,S,11,17,84,1012.1,1009.5,6,7,25.6,26.8,Yes,Yes
2013-06-30,11.3,17.1,51,2,2.2,37,W,11,9,82,1025.7,1023.5,7,5,12.4,16.6,Yes,Yes
2011-11-03,20.5,23.8,2.2,7.4,2.4,30,N,9,9,85,1006,1005.2,7,8,23.8,20.2,Yes,Yes
2015-07-31,2.8,12.2,6,1.6,3.9,44,N,15,20,60,1020.3,1014.8,7,7,7.5,10.2,Yes,Yes
2014-01-13,23.4,26.3,46.8,5.4,0.4,41,S,22,17,79,1010.4,1007.6,7,7,24.4,26.1,Yes,Yes
2015-06-17,14.7,17.6,10.8,0.6,0,30,N,9,7,92,1012.5,1009.1,8,8,16,16.4,Yes,Yes
2017-01-04,19.4,26,1.4,7.8,5.6,33,E,24,24,43,1021.5,1020.2,7,7,22.3,24.6,Yes,Yes
2009-06-09,5.2,8.5,4.2,1.2,0.1,43,N,6,13,94,1012.6,1009.6,8,8,6.3,7.3,Yes,Yes
2014-08-18,11.8,19.3,11.8,4.8,4.8,54,N,24,31,69,1015,1013.6,7,6,14.8,17.6,Yes,Yes
2011-12-20,25,31.5,9.6,3.8,1.9,30,S,13,7,90,1006.5,1003.8,8,8,28.9,27.4,Yes,Yes
2009-11-03,11.1,16.4,2,6,4.7,67,W,37,31,68,1012.5,1016.8,7,7,13.2,14.5,Yes,Yes
2013-07-29,12.2,19.5,5,2.8,9.6,43,N,26,24,48,1017.9,1015.1,1,2,13.4,18.9,Yes,Yes
2009-04-23,20.5,24.1,16.2,6,9.2,63,N,24,22,73,1006.2,1005.9,1,1,22.7,23.3,Yes,Yes
2009-02-08,24.5,31.2,9.8,4,1.8,61,W,24,35,78,1005.8,1004.2,7,7,28.3,29.2,Yes,Yes
2013-12-04,16.2,20.5,6,5.6,1.7,50,N,17,26,76,1000.8,1001.9,8,8,19.9,14.9,Yes,Yes
2016-09-27,4.4,15.5,9,3.4,8.1,41,W,22,26,59,1011.8,1011.8,2,6,11.1,14.8,Yes,Yes
2015-11-22,24.2,30.6,29.2,9.8,4.3,35,S,17,22,69,1012.5,1009.8,7,7,26.7,29.6,Yes,Yes
2008-07-09,3.6,14.8,1.2,0.4,6.5,35,N,11,17,61,1023.1,1019.6,1,7,4.2,13.1,Yes,Yes
2015-11-12,15.9,30.5,1.8,5,8.2,54,S,7,11,46,1014.4,1013.3,6,5,18.9,28.3,Yes,No
2010-11-19,17.7,23.3,11.6,2.8,3.3,50,S,15,35,81,1016.8,1019,6,8,21.1,19.8,Yes,Yes
2010-03-29,17.1,23.6,2,3.2,4.9,37,N,11,15,76,1013.2,1014.6,8,7,18,21.2,Yes,Yes
2015-07-14,4,8.6,2.2,1.2,3.8,41,W,17,17,63,1015.7,1014.7,3,7,4.8,7.6,Yes,Yes
2012-08-16,5.4,13.1,3.8,1.8,1.9,52,N,17,20,90,1008.3,1001.6,7,8,8.6,8.3,Yes,Yes
2014-08-19,11.8,18.8,21.8,3.6,3.8,65,S,33,33,87,1013.7,1015.1,6,7,15.9,13.9,Yes,Yes
2013-03-28,24.2,29.1,61.8,3.4,1.3,28,E,13,9,92,1005.9,1002.8,7,7,26.6,27,Yes,Yes
2010-04-07,18.6,25.9,2,2.8,1.1,37,N,24,28,58,1016.5,1012.2,8,7,20.2,25.4,Yes,Yes
2016-01-12,15.1,30.3,0.4,7.8,12.2,35,S,17,17,46,1015.1,1013.9,6,1,19.6,26.3,No,No
2013-07-12,8.6,27.3,0,2.4,10.3,35,E,7,11,32,1021.7,1017.4,0,0,16,26.9,No,No
2012-07-25,8.7,19.6,4.4,0.2,6.5,30,W,17,20,50,1023.9,1019.3,8,2,10,18,Yes,No
2009-07-19,7.2,16.5,0,2,8.5,50,N,9,28,43,1018.2,1014.7,6,6,10.4,16,No,No
2013-10-07,11.5,25.2,0,5.2,7.9,56,S,19,30,57,1007.7,1008.5,1,1,23.9,22.7,No,No
2013-06-11,10.5,19.6,0.8,0.2,8.5,30,W,17,9,54,1021,1017.6,3,6,11.3,18.4,No,No
2012-11-02,10.6,16.8,0.6,4.6,1.6,35,S,24,22,54,1018.9,1019.3,7,6,12.2,15.8,No,No
2009-08-06,13.4,19.1,5.4,2.4,6.3,48,S,13,4,56,1014.3,1014.9,7,1,14.2,19,Yes,No
2011-12-19,17,22.5,0,7.4,12,35,S,20,20,60,1014.1,1013.1,2,3,20.7,20.9,No,No
2010-09-27,11.2,23.2,0,7.8,10.6,54,E,28,15,41,1024.3,1020.4,3,1,16.6,22.6,No,No
2008-10-03,10.9,26.2,0,6,5,59,N,35,24,81,1011.4,1013.4,1,7,21.7,16.7,No,Yes
2010-01-21,20,30.9,0,9,12.8,46,W,9,31,53,1012.3,1008,3,2,25,29.1,No,No
2013-07-13,13.9,16.5,0.6,3.4,2.5,46,E,19,24,94,1018.7,1015.3,7,8,15.1,14.3,No,Yes
2014-03-19,11.2,30,0,6.2,10.9,31,E,11,9,14,1024.2,1022.2,2,1,18.1,29.2,No,No
2014-07-21,4.9,13.2,0.4,1.2,2.3,24,N,15,9,68,1026.7,1024.1,7,7,5.6,12.5,No,No
2012-01-14,26.1,31.3,0.4,11.4,1.9,37,N,26,15,82,1009.4,1005.9,7,7,26.1,28,No,Yes
2012-08-02,1.6,12.1,0,1.2,2.5,54,N,19,30,63,1021.5,1017.7,7,7,7.4,11.7,No,No
2013-08-16,17.6,27.1,0,5.4,10.8,33,E,17,24,64,1019,1015.9,4,2,24.3,25.9,No,No
2012-03-25,16.3,27.3,0,6.6,2.7,30,E,6,11,52,1014.9,1012.2,7,5,20.8,26,No,No
2011-01-18,19.3,36.9,0,10,12.7,44,S,6,22,15,1004.2,1002.6,1,2,27.4,35.7,No,No
2012-08-24,5.7,11.3,11.6,1.4,9.2,81,W,43,50,77,1004.9,1007.9,7,6,9,10.4,Yes,Yes
2016-11-20,19.1,25.1,0,6,8.5,33,E,13,26,55,1021.3,1018.2,4,7,22.3,23.2,No,No
2009-12-26,18.8,20.1,7.4,4.4,0,52,W,11,20,93,1014.2,1014.7,7,8,19.1,19.8,Yes,Yes
2010-12-10,25,33.4,5.4,4,7.4,37,N,11,6,91,1008,1006.2,5,7,30.5,26.3,Yes,Yes
2012-07-08,-1.4,14.7,0,1,8.7,26,E,11,13,44,1031.6,1027.5,4,1,5.9,14.1,No,No
2011-02-18,22.9,28,3.4,3.8,2,37,E,17,26,77,1014.7,1014,7,7,25.1,27,Yes,Yes
2009-09-07,12.3,24.3,0,3.8,5.2,57,N,26,19,78,1010.8,1006.6,3,7,20.5,20.4,No,Yes
2012-09-11,4.4,20.6,0,2.6,9.8,33,N,11,13,40,1025.6,1021.4,0,2,12.2,20,No,No
2009-04-28,16.5,30.7,0,8,10.4,33,E,2,24,39,1017.5,1014.1,2,2,25.5,29.4,No,No
2017-04-07,24.1,33.3,27.6,7.6,7.2,56,S,6,20,53,1010.8,1008.4,7,7,27.5,33,Yes,No
2010-08-07,4.9,15.2,0,1.2,7.2,41,N,19,24,40,1026,1021.6,7,6,5.8,14.1,No,No
2013-03-26,23.9,30.3,13.8,6.2,4,33,E,20,9,79,1007.1,1004,7,7,26.2,28.2,Yes,Yes
2010-10-09,13.6,24.3,5.2,0.6,3.6,39,E,20,19,45,1021.6,1019.9,7,6,18,22.5,Yes,No
2016-08-23,6,14,3.6,1.8,9.2,22,S,4,13,56,1018.2,1016.7,4,3,7.7,13.5,Yes,No
2015-10-22,5.7,15.9,0.2,4.6,5.3,30,N,15,7,49,1020.8,1019,4,7,10.9,13.3,No,No
2008-08-06,7.2,16.6,0,1.8,7.6,35,N,13,17,43,1021.7,1017,7,7,9.1,15.7,No,No
2011-09-03,20.5,28.4,0.6,9.6,7,46,S,28,33,56,1018.7,1016,1,5,24.2,26,No,Yes
2015-03-02,8.7,24.1,0,5.6,8.8,24,N,6,17,38,1018.6,1014.7,4,7,14.2,22.1,No,No
2014-11-26,23.4,29.1,3.6,7.8,5.1,24,N,7,11,63,1017.2,1014.7,7,7,24.5,27.8,Yes,Yes
2009-12-03,16.4,34.6,0,9.8,12.4,57,N,24,35,22,1016.2,1013.7,2,2,25.7,31.5,No,No
2012-09-20,12.1,20.5,0.2,6,9.4,30,W,13,22,60,1019.3,1014.7,6,2,15.6,19.7,No,No
2013-07-28,9.9,19.3,0.6,1.4,8.5,52,N,26,28,59,1012.8,1012.7,4,6,15.6,15.9,No,No
2013-03-08,18.5,32.1,0,7,11.9,35,E,17,13,27,1020.2,1016.6,1,1,23.4,31.4,No,No
2015-10-11,16.5,33.2,0,7.8,9.9,26,E,9,9,29,1021.6,1018.5,2,2,24.1,32.4,No,No
2010-10-02,2.7,22.4,0,3.8,11.3,39,E,9,7,41,1028.9,1024.7,0,2,10.3,22.2,No,No
2012-08-21,17.3,31.3,0,6.8,8.4,30,S,9,22,41,1014.5,1010.4,7,7,22.5,29,No,No
2009-05-31,10.7,15.6,0,2.6,0.6,43,E,19,13,63,1027.7,1025.2,8,8,11.6,14.8,No,Yes
2012-06-12,13.1,25,0,5,10.8,31,S,19,17,46,1015.4,1012.4,1,1,20.5,24,No,No
2011-12-14,9.1,24.7,0,7.2,8.4,50,E,20,13,25,1018.2,1014.9,6,6,14.1,22.7,No,No
2011-03-11,14.8,26.9,0,0.6,7.7,22,W,4,9,56,1017.2,1014.7,8,1,16.8,25.6,No,No
2016-08-25,6.5,13,1.2,1.6,7,35,W,13,13,63,1015.2,1015.7,7,5,8.1,12.2,Yes,No
2015-09-23,13.7,20.1,0,4.6,9.8,50,W,20,17,84,1013.8,1011,1,4,17.9,16.7,No,Yes
2013-07-19,9.5,11.8,1.8,2,3.1,67,W,31,22,81,1009.6,1010.3,8,7,9.8,10.3,Yes,Yes
2009-12-09,8.8,24.6,8.4,12.2,9.1,28,S,13,9,31,1013,1010.8,6,6,14.7,21.4,Yes,No
2012-03-20,15.8,27.6,0,6.8,11.1,69,N,31,39,43,1015.5,1009.6,2,3,19.5,26.5,No,No
2009-01-02,18.3,24.5,0,8.8,9.4,54,S,13,30,57,1012.1,1011.7,3,2,21.6,23.4,No,No
2010-10-28,8.3,19.6,0,3.8,12.7,46,E,24,33,49,1021.3,1017.8,1,1,14.5,18.6,No,No
2010-04-26,12.3,27.3,0,7.6,11.1,22,E,13,7,31,1021.8,1017.5,2,1,18.6,26.6,No,No
2012-04-05,16.4,22.9,11,3.2,8.7,50,S,17,30,42,1020.2,1021,7,4,19.1,21.3,Yes,No
2011-07-22,5,14.4,1,0.2,8.8,20,W,13,9,58,1025.6,1023.4,1,1,8.2,14,No,No
2011-09-23,23.2,31.9,0,4,9.7,31,N,9,22,54,1014.5,1010.1,1,1,28.3,30.6,No,No
2016-04-21,10.3,25.8,0,4,7.1,28,E,11,9,33,1022.4,1019.9,3,7,17.5,25,No,Yes
2015-10-24,7.2,31.1,0,5.8,11.3,26,E,9,9,15,1021.4,1017.6,0,5,18.6,30.1,No,No
2013-11-07,18,41.3,0,14.2,12.1,56,N,22,11,6,1010,1004.7,1,2,33.5,39.3,No,No
2013-04-08,14.6,24.2,2,3.4,8.3,26,W,15,17,61,1025.3,1023.9,1,6,18.4,22.5,Yes,Yes
2015-09-30,17,21.6,0,5.6,6.4,43,S,28,24,60,1022.2,1021.5,7,7,17.9,18.8,No,No
2016-08-09,5.6,16.3,0,1.6,5.9,76,N,9,44,35,1012.4,1003,6,7,9.2,16.1,No,Yes
2011-03-12,13.5,27.6,1.4,2.4,10.1,31,S,7,11,55,1021.3,1018.6,2,7,18.7,25.6,Yes,No
2009-01-24,23.2,35.5,0,5.2,10.9,28,N,15,11,47,1010.1,1007.4,5,7,27,34.2,No,No
2012-02-26,20.3,24.8,1,5.4,0,31,E,11,13,75,1019.7,1017,7,7,20.7,24,No,Yes
2016-02-07,26.5,32.9,0,7,8.5,37,W,9,19,61,1008.3,1005.4,3,6,30,32,No,No
2010-03-30,20,25.3,0.2,4.6,10.1,50,E,31,30,65,1022.9,1021.3,7,7,23,24,No,No
2014-05-07,6.4,22.8,0,3.4,9,26,E,13,15,27,1021.7,1018.5,5,4,13.1,22.6,No,No
2009-07-23,11.2,16,11,1.8,3.8,26,S,7,11,59,1018.3,1018,7,7,11.9,15.4,Yes,No
2015-04-20,1.8,16.5,0.2,2,8.3,41,S,13,24,57,1038.8,1036.6,7,6,11.3,14.3,No,No
2014-02-04,24.8,32.4,0.4,14.2,11.2,61,E,20,31,32,1012.4,1013.5,3,1,27.2,30.6,No,No
2012-01-02,15.7,25.8,0,6.4,11.6,31,N,9,20,47,1018.7,1017.3,6,1,23.2,24.7,No,No
2014-09-24,13.9,23.3,0,8.4,2.3,74,N,37,33,53,1016.8,1013.3,7,7,19.2,19.5,No,Yes
2010-06-04,17.2,20.3,0,2.4,0,59,E,26,26,75,1021.1,1019.9,8,8,18.3,19,No,Yes
2012-05-17,16.2,19.3,0,5.4,2,39,S,19,13,47,1019.2,1018.3,7,6,17.8,18,No,Yes
2010-12-12,12.4,20.5,0,7.8,10.3,61,W,37,37,49,1002.7,1004.2,3,2,16.8,19.6,No,Yes
2014-03-23,23.6,30.1,46.6,3,3,37,S,19,24,73,1013.1,1010.6,8,7,25.8,28.2,Yes,Yes
2015-11-01,11.1,26.1,0,7,6.9,31,E,17,20,37,1014.1,1008.5,7,3,17.5,25.4,No,Yes
2010-06-07,8.3,13.6,4.8,1.2,2.1,20,W,17,9,75,1027.1,1024.7,7,7,9.1,12.3,Yes,No
2014-03-15,23.9,33.1,16.2,2.6,9.5,37,S,7,30,71,1011.5,1008.1,3,4,27.9,31.6,Yes,Yes
2016-04-07,19.5,25.2,0.6,4.6,8.4,39,E,22,17,64,1019.5,1018.2,4,3,22.6,22.9,No,No
2015-08-21,11.2,16.7,0.2,5,3.1,50,N,17,26,58,1012.3,1007.2,8,5,13.3,16.1,No,No
2016-07-24,21.5,31.6,0,6.6,10.3,30,S,7,22,56,1013.7,1009.8,0,2,26.9,30.7,No,No
2014-01-20,24.1,30.5,40.6,3.4,3.5,50,W,15,19,80,1006.2,1004.1,7,8,29.5,29.3,Yes,Yes
2012-03-20,27.5,32.6,0,6.2,7,43,W,24,31,69,1005.1,1002.4,6,6,29.2,31.4,No,No
2014-01-22,15.6,26.1,0,7.2,11.5,39,S,13,13,33,1020.9,1019.9,6,0,15.9,24.5,No,No
2014-12-04,16.9,32.9,0,12,12.5,43,S,20,24,11,1013.2,1010.5,0,0,19.5,30.7,No,No
2014-07-13,7,7.5,2.4,5.4,0,35,E,13,15,97,1024.8,1022.8,8,8,7.1,7,Yes,Yes
2015-03-11,15.8,34.8,0,9.4,11.6,39,E,28,22,30,1016.4,1012.6,0,1,24.1,33.5,No,No
2014-05-11,12.1,18.6,4.4,0.8,8.5,30,W,13,17,56,1024.8,1024.3,4,3,14.1,18.2,Yes,No
2015-05-07,11.5,20.3,0,6.6,10.3,56,W,19,30,31,1018.2,1015.4,1,1,15.1,19.8,No,No
2015-09-22,6.6,12.5,1.4,2,9.1,44,S,19,17,56,1030,1032.2,4,7,9.9,10.7,Yes,No
2014-11-11,12,24.8,0.4,7,12.3,41,W,11,28,51,1016.7,1015.7,6,3,21.2,22.8,No,No
2016-01-20,27,39.7,0,15.2,9.9,41,S,7,19,21,1009.2,1007,8,7,29,39,No,No
2010-09-10,18.7,24.1,0,7,0.9,30,N,4,7,67,1010.8,1008.2,7,7,22.3,24,No,Yes
2010-10-22,10.3,26.4,0,4.8,12.2,28,E,11,9,45,1021.4,1017.6,1,2,16.8,25,No,No
2010-10-07,12.4,17.9,3.4,3.8,9.6,44,N,24,28,49,1016.2,1016.4,2,1,13.8,16.8,Yes,No
2014-01-12,15.1,24.6,0,5.4,8.5,35,S,19,19,42,1022.2,1020.2,7,1,16.6,23.4,No,No
2013-04-25,9.8,27.2,0,9.2,11.1,43,E,22,24,18,1023.2,1019.5,0,0,20.7,26,No,No
2008-08-09,8.1,18,0,4.2,9.9,46,E,17,15,42,1030,1026.4,1,3,11.6,17.7,No,No
2014-12-29,18.6,34.8,0,9.4,12.1,80,N,20,28,17,1007,999.6,1,5,25.1,32.4,No,No
2010-09-26,25,35.3,0,6.6,10.8,39,E,11,28,61,1012.8,1009,2,1,29.7,31.7,No,No
2013-10-30,20.1,30.4,0,8.6,11.4,37,N,17,20,52,1014.7,1011.1,5,1,27.9,28.5,No,No
2013-12-20,23.1,33.3,2.4,5.8,10.3,31,E,13,9,68,1009.9,1006.5,2,4,29.6,30.8,Yes,No
2009-03-03,14.3,29,1.6,8,1.9,72,N,24,41,97,1000.5,1000.8,8,8,21.9,16.2,Yes,Yes
2013-10-24,15.6,27.9,0,11.2,11.2,43,E,15,17,28,1015.8,1011.7,4,5,21.9,27.4,No,No
2014-11-22,21.9,32.1,0,10.8,9.6,37,S,13,24,55,1014.4,1011.2,5,1,29.2,31,No,No
2012-09-26,1.4,19.4,0,2.6,8.4,33,N,6,26,60,1019.7,1013.6,7,8,12.1,16.9,No,No
2011-08-24,-2.5,20.1,0,2.4,9.9,26,S,4,15,36,1031.6,1026.7,1,0,5.9,19.4,No,No
2010-11-20,18.9,23.5,0,4.4,8.6,28,W,13,17,73,1017.5,1015.4,7,6,21,21.6,No,Yes
2014-09-28,11.3,25.2,0,5.4,11.2,57,N,20,39,44,1021.7,1015.7,0,0,19.3,22.5,No,No
2013-07-18,12.9,23.3,0,1.6,5.5,80,N,28,37,47,1011.4,1005.6,6,7,18,21.8,No,Yes
2014-08-03,2.6,14.1,0,1,8.5,50,N,28,19,49,1027.1,1024.2,1,7,6.7,13.7,No,No
2010-05-09,13,22.5,0,3,6.7,41,N,26,24,47,1020.6,1017.4,7,6,15.8,21.1,No,No
2014-01-31,18.9,38.8,0,12,13.4,31,E,11,13,17,1012.3,1010.3,1,1,26.7,37.5,No,No
2014-05-20,14.4,25.5,0,3.2,4.7,24,W,17,7,41,1022.9,1019.6,7,7,16.2,25.2,No,No
2010-09-04,24.3,32.1,6.8,6.4,6.2,37,E,2,15,93,1012.3,1009.6,7,8,27.9,25.2,Yes,Yes
2014-04-14,13.5,21,2.8,3.6,3.3,41,W,20,15,69,1020.4,1018.8,6,5,17.2,19.4,Yes,Yes
2010-10-21,7.1,24.1,0,5,10.8,41,N,6,20,50,1026.1,1022.1,1,1,16.8,23.3,No,No
2013-12-28,13.2,33.9,0,5.8,9.7,72,N,9,7,34,1006.3,1000.3,2,2,17.4,31.9,No,No
2012-03-05,14.7,22.1,0.6,4.8,10.2,50,W,30,26,59,1016.3,1017.2,6,5,16.3,20.6,No,No
2014-12-24,19.4,31,2.4,1.8,5.4,50,N,9,31,80,1012.8,1013.4,5,7,24.3,23.2,Yes,No
2010-09-11,22.1,30.5,0,6.2,10.3,33,S,13,20,59,1015.8,1013.8,1,1,26.8,28.8,No,No
2009-06-12,1.9,12.8,0,1.2,6.8,26,E,11,7,50,1025.4,1021.3,3,7,6.9,12.1,No,No
2010-02-12,20,31.8,0.2,11.6,9.8,35,S,15,13,34,1012.3,1010.4,7,6,20.3,29.6,No,No
2013-06-01,12.8,15.1,75.8,8,0,31,N,13,11,90,1013.1,1011.1,8,7,13.2,14.9,Yes,Yes
2013-07-04,0.3,23.2,0,4,10.5,35,W,9,15,11,1020,1015.4,0,0,11,22.5,No,No
2013-03-18,13.5,29.4,0,11.2,11,37,E,22,13,30,1016.9,1014.1,1,2,19.7,28.2,No,No
2009-06-06,15.4,27.9,0,5,9.8,31,W,2,17,60,1015.1,1011.7,2,2,23.9,25.8,No,No
2008-09-22,12.9,23.1,0,10.6,3.8,83,N,56,31,85,1000.3,1000.1,6,8,18.8,13.9,No,Yes
2011-03-12,12.9,28.4,0.4,4,11.4,35,N,13,19,44,1015.5,1014.4,3,8,17.9,27.7,No,No
2016-04-06,19.3,34.7,0,6.8,10.6,52,N,13,31,43,1015.7,1011,1,1,25.6,30.8,No,No
2016-07-05,8.2,16.7,0,2.2,3.8,30,E,7,13,59,1025.2,1022,7,4,10.1,15.5,No,No
2013-12-23,21.1,29.4,0,8,9.7,59,N,26,43,58,1013.2,1009.6,7,7,24.3,26.5,No,No
2011-09-07,6.9,16.1,0,2.8,8,43,W,19,13,35,1020.3,1019.8,3,3,10.5,15.2,No,No
2010-10-20,4.7,22.1,0,3.8,12.1,22,E,9,9,45,1028.6,1024.9,1,1,12.8,20.6,No,No
2011-10-11,8.7,25.1,0,3.8,12,39,S,9,22,24,1012.4,1010,1,1,16.9,24.3,No,No
2016-12-26,16.2,33.8,0,12.2,13.1,59,E,17,31,41,1006.6,1003.6,0,1,25.8,26.2,No,No
2010-07-09,8.8,13.3,40.6,1.8,0.9,46,W,19,7,89,997.5,1004.7,7,7,9.7,9.6,Yes,Yes
2015-08-26,9,18.5,0.4,5,5.7,37,E,15,22,62,1022.6,1019.2,7,7,12.6,17.2,No,No
2013-07-18,11.3,21.3,0,1.6,5.5,80,N,28,37,61,1012,1005.9,6,7,16.4,19.5,No,Yes
2009-12-04,13.4,35.8,0,9,13.1,46,E,28,9,17,1019.1,1014.5,4,5,23.4,34.6,No,No
2014-07-11,5.2,14.4,0,2,7.2,56,N,31,24,60,1016.4,1014.3,5,2,8.9,13.6,No,Yes
2013-06-11,7.1,18.2,0,2.4,9.1,33,E,7,15,46,1026.7,1022.3,0,1,12.1,18,No,No
2013-09-12,12.1,23.6,0,6.4,10.2,74,W,15,6,27,1015.2,1010.1,1,4,17.5,22.4,No,No
2012-05-08,10.4,19.3,0,4,10,72,N,46,35,49,1014.2,1012.4,2,2,13.7,18.8,No,No
2009-08-03,6,15.7,0,2.8,9.4,31,W,7,9,36,1026.3,1024.2,3,7,9.2,15.3,No,No
2010-12-26,19.9,28.3,10.6,2.2,2.6,39,N,13,20,66,1008.4,1004.1,7,7,24.3,27.3,Yes,Yes
2015-03-06,13.3,21,0,7,1.4,43,W,20,19,65,1010.9,1010.9,7,7,15.6,19.9,No,Yes
2015-10-30,17.6,27.7,0,5.2,5.8,30,N,9,15,62,1016.1,1014.9,5,7,22.5,23.9,No,Yes
2009-03-29,21,25,3,5.2,7.8,65,E,39,35,74,1017.5,1016,6,6,23,24.3,Yes,No
2009-10-10,8.2,25.9,0,8.8,7.2,35,E,22,9,23,1025.1,1020.3,0,6,16.4,22.8,No,No
2010-12-29,15.9,34.1,0,10.8,12.4,31,E,17,17,29,1016.4,1012.3,0,2,23.1,32.8,No,No
2012-02-19,24.7,32.6,0.2,8.2,8.2,41,S,17,22,60,1013.1,1009.7,5,6,29,31.4,No,Yes
2010-11-09,10.5,31.2,0,6.6,11.7,35,E,7,20,17,1022.6,1019,0,1,18.9,30.6,No,No
2017-02-19,8.1,17.5,0,5.6,5.8,54,W,22,33,77,1009.9,1009,4,8,14,11.4,No,Yes
2012-08-27,0.2,16.6,0,2.6,7.5,37,N,7,19,45,1022.7,1019.9,6,5,8.9,16,No,No
2012-08-23,4,18.2,0.2,3,7.3,28,N,9,15,52,1023.3,1021.2,7,3,9.3,17.7,No,No
2015-11-20,12.9,30.1,0,7.6,13.1,56,E,26,15,15,1026.1,1020.5,1,6,19.9,29.5,No,No
2015-09-02,23.3,28.8,0,8,10.9,41,N,22,31,57,1019.2,1014.6,5,1,26.4,27.9,No,No
2009-06-07,9.9,17.6,0.2,1.8,7.1,48,W,22,26,59,1015.2,1013.7,2,2,11.9,16.4,No,No
2014-07-03,6.7,18.3,0,1.2,9.6,28,W,19,13,54,1027.3,1023.3,1,1,9.1,17.2,No,No
2011-10-05,21.4,26.2,0,8.4,0,26,S,13,17,57,1019.1,1014.4,7,7,24,24.6,No,No
2016-11-29,19.1,23.8,0,7.8,7,48,S,30,30,73,1011.8,1010.9,7,6,20.8,21.8,No,No
2014-06-23,8.8,14.8,0,1.2,2,56,N,19,28,62,998.7,990.9,3,7,14.1,13.6,No,No
2010-05-24,10.3,21.3,10.4,4.6,4.4,44,N,20,26,67,1006.6,1002.7,6,5,13.8,20.2,Yes,No
2011-03-22,23.9,31.4,2.6,6.8,8.1,30,E,2,17,67,1008,1004.7,3,3,28.9,30.7,Yes,No
2012-06-09,-0.4,14.6,0,0.2,8.8,15,E,13,6,44,1027.5,1024.9,0,1,3.9,14.1,No,No
2009-07-25,-0.5,12.8,0,1,6.6,17,E,7,7,63,1027.1,1023.2,1,7,4.3,11.4,No,No
2009-06-28,8.6,19.5,0,1,8.4,22,W,6,13,55,1007.1,1005.1,3,3,16.5,18.4,No,No
2010-11-02,9.1,18.7,0.4,5,10.2,37,W,17,24,53,1022.4,1021.2,5,6,12.9,16.3,No,No
2017-03-09,12.5,32.8,0,9,10.2,30,E,9,7,24,1017.4,1014.9,0,1,16.9,31.4,No,No
2009-08-13,7.2,17.2,0,0.6,7.6,37,N,17,11,67,1014.8,1013.8,1,7,10.8,14.9,No,Yes
2007-11-12,8.5,27.3,0.2,7.2,12.5,41,E,2,15,35,1023.8,1019.9,0,3,16.8,26,No,No
2016-07-18,8.5,16.8,6.8,3,9.2,28,S,13,13,54,1020.3,1020,1,2,11.4,16.3,Yes,No
2016-12-02,13.3,29.1,0,7.4,12.8,43,E,9,22,34,1012.6,1008.8,1,2,21.5,26.5,No,No
2016-08-26,4.5,13,0.2,2.4,3.2,35,W,17,19,50,1022.4,1020.7,7,7,8.8,12,No,No
2016-01-07,14.9,20.7,0,7,12.8,39,S,13,20,49,1023.8,1023.7,8,1,16.6,19.9,No,No
2016-02-18,13.6,23.7,0,1.2,4.1,35,W,11,17,54,1013.7,1010.6,5,7,15.2,22.4,No,Yes
2015-09-05,22.1,33.5,0,5.4,10.8,33,S,13,24,45,1017.3,1012.8,1,2,27.7,31.1,No,No
2009-12-22,18.7,31.3,0,12.8,11.7,44,E,11,20,45,1006.2,1003.4,0,7,24.5,27,No,No
2014-09-29,21.9,34.1,0,7.8,10.6,37,N,13,28,25,1013.6,1009.7,1,1,29.5,33.1,No,No
2016-07-23,7.8,14.1,0,3.8,7.2,54,W,17,17,80,1013,1014.5,4,7,9.5,11.4,No,No
2012-03-26,17.4,24,16.8,3.8,6,19,W,11,9,55,1023.6,1021.5,8,4,17.8,23.5,Yes,No
2012-09-09,9,15.9,1,4,9.5,61,W,31,41,53,1023.3,1022.3,8,0,12.2,15.5,No,No
2016-02-24,22.1,32,0,11,12.3,57,N,20,24,47,1015.9,1012.7,0,1,26.9,31.1,No,No
2011-06-05,4.5,15,0,3,8.4,61,N,20,22,36,1015.2,1009.7,2,3,8.4,14.5,No,Yes
2011-06-12,8.2,17.7,12.2,1.2,1.8,46,S,19,28,58,1019.9,1017,7,6,11.5,16.4,Yes,No
2010-07-08,22.8,32,0,5.4,10.2,41,E,22,15,45,1013.8,1010.8,7,7,24.9,31,No,No
2010-10-19,12.3,27,0,7.4,12.2,30,N,13,19,38,1016.3,1014,1,1,21.4,26.4,No,No
2014-01-13,10.3,28.5,0,8,12.5,31,E,11,20,32,1019.8,1016.3,5,0,18.5,27.6,No,No
2012-01-25,21.3,26.6,168.4,2.6,0.7,26,S,2,6,88,1008.5,1005.8,8,8,23.3,24.6,Yes,Yes
2016-11-18,22.5,34,18.2,9.2,10.6,52,E,9,7,51,1010.1,1006.1,7,7,29.9,32.8,Yes,Yes
2013-11-03,14.8,33.2,0,11,11.3,57,E,31,19,29,1019.5,1014.7,6,3,19.9,31.4,No,No
2009-02-16,21.1,30.8,0,5.8,9.3,30,S,11,15,56,1009.7,1006.8,2,7,26.7,28.9,No,No
2014-10-30,11.9,17.2,0,3.4,6,39,W,19,26,69,1015.9,1014.4,8,1,12.8,16.1,No,No
2010-06-19,4.3,13,0,2.8,5,43,N,26,26,49,1019.8,1019.2,7,5,8.4,12.5,No,No
2015-06-25,9.1,14.1,1,0.8,5.8,44,W,19,20,92,1028.8,1029.1,8,8,10.7,12.1,No,Yes
2016-07-21,18.9,30.7,0,7.6,10.8,30,E,9,19,54,1014.6,1011.1,0,1,23.6,28.9,No,No
2010-11-02,11.5,18,38.6,3.8,1.7,67,W,28,31,69,1012.2,1013.3,4,7,13.8,16.4,Yes,No
2011-11-28,24,31.7,0,11,12,52,E,19,33,59,1013,1009.6,3,5,30.1,30.2,No,Yes
2010-10-17,5.4,15.1,0.2,2.2,7.6,31,W,15,15,54,1017.1,1017,2,7,9.5,14.5,No,No
2010-04-16,24.8,33.6,0,3,10.5,35,E,17,20,60,1010.7,1007.4,3,6,28.5,31.7,No,No
2013-07-14,9.4,21,1.2,1.4,1.4,24,N,7,9,59,1018.3,1016.4,7,7,14.1,19.9,Yes,No
2009-08-05,6.1,16.1,0.4,1.4,7.2,50,N,28,19,51,1019.9,1017.2,7,7,8.9,14.9,No,No
2015-07-25,19.9,31.5,0,3.8,10.9,30,E,11,19,54,1017.4,1012.9,1,1,26.4,30,No,No
2012-11-26,13.7,22.2,0,5,4.5,31,S,9,13,53,1016.7,1014.8,7,6,15.9,20.5,No,Yes
2010-07-07,6.6,13.1,5,0.6,4.3,20,N,7,7,79,1027.5,1026.8,5,6,8.6,11.8,Yes,No
2009-09-28,7.7,19.3,0,7,11.6,39,S,13,13,22,1016.9,1012.8,1,0,11,18.2,No,No
2013-04-06,13.6,25.4,0,4.4,9.4,31,E,17,9,34,1027.1,1022.9,4,3,17.1,23.8,No,No
2009-05-20,16.4,20.5,1.6,2,0,61,E,35,28,55,1018.2,1015.6,8,8,19.5,20.3,Yes,Yes
2012-05-10,7.5,24,0,3.2,9.1,15,E,11,7,38,1022.6,1019.5,2,3,14.3,23.4,No,No
2012-04-10,9.5,15.4,2.6,3.8,0.6,35,S,13,13,51,1035,1035.2,8,7,13.1,14.5,Yes,No
2012-11-25,18.5,31,0,7.8,12.7,26,W,7,15,56,1013.9,1012.6,1,2,25.3,27.2,No,No
2014-09-09,10.2,20.1,0,4.4,7,80,N,26,43,33,996.2,995.6,6,3,17,18.3,No,No
2017-01-07,19.2,26.8,4.4,6.6,11.5,43,S,2,28,57,1018.4,1015,3,3,24.8,25.2,Yes,No
2014-04-22,22.4,27.3,7.8,2.2,0.4,37,S,19,15,75,1016.4,1012.9,8,8,23,26.7,Yes,No
2009-01-31,26.5,41.9,0,20.2,11.4,54,E,13,28,8,1011.5,1008.6,3,1,31.5,40.1,No,No
2015-11-28,20.5,26.5,10.8,2.8,8.4,22,W,15,7,77,1017.2,1016.2,1,3,24,23.6,Yes,Yes
2012-08-24,20.7,33.4,0,6.6,11,35,E,9,26,44,1014.7,1010.6,1,2,27.3,32.3,No,No
2015-12-04,13.6,36.3,0,8,12.5,30,E,17,7,9,1020.8,1017.2,1,2,26.1,34.9,No,No
2012-05-18,18.6,31,0,6.6,11.2,39,E,20,17,30,1013.7,1010.8,3,1,24.1,30.5,No,No
2015-08-03,1,7.2,9,4,4.3,63,W,35,30,76,999.8,1007.7,2,5,4.5,4.8,Yes,Yes
2011-06-07,7,10.9,0,2.8,2.8,59,N,35,28,58,1014,1013.5,7,6,9.3,9.9,No,Yes
2016-08-28,8.1,18.5,0,4.6,2.4,43,N,33,15,47,1020.7,1019.4,7,7,9.6,16.5,No,No
2013-11-06,11.8,21.4,0,4.6,12.2,43,W,11,30,51,1024.3,1019.2,1,1,17.4,20.7,No,No
2010-07-25,2.3,15,0,1,9.3,22,S,7,9,51,1033.3,1031.3,0,0,5.3,14.7,No,No
2011-05-18,3.9,15.3,0,2.6,1.6,30,N,13,19,58,1027.6,1025.1,8,8,8.1,14,No,No
2014-03-04,13.5,34.1,0,6.4,10.9,52,N,28,30,27,1021.7,1018.3,1,5,24.2,32.6,No,No
2014-01-21,19.8,24.9,0,6,11.9,35,W,13,15,69,1012.6,1012.5,1,5,22.5,23.4,No,No
2015-03-03,17.7,31.5,0,8.6,4.4,31,E,17,15,33,1014.2,1012.1,7,6,20.5,29.3,No,No
2011-08-15,5.7,22.1,0,3.8,10.3,26,E,15,2,34,1024.3,1019.5,0,6,14,20.5,No,No
2017-04-10,11,17.2,8.2,1.4,4.9,44,S,13,19,44,1016.1,1016.2,7,4,12.1,15.6,Yes,No
2015-12-11,21.2,35.3,0.2,6.4,8.8,59,W,17,30,13,1005.8,1001.1,3,7,24.4,34.7,No,No
2007-12-09,15,29.4,0,6.6,11.1,43,N,9,24,24,1010.8,1008.5,7,7,20.6,28.6,No,No
2014-03-20,9.2,31.1,0,5.4,10.4,52,N,30,24,14,1024.1,1019.6,1,2,16.7,30.2,No,No
2015-07-08,9.1,15,9.2,0.6,9.5,33,S,11,13,45,1026.5,1024.5,1,3,10.7,14.8,Yes,No
2012-01-09,14.7,24.6,13.2,8.2,11.1,52,W,31,28,36,1009.2,1008.3,6,7,18.5,22.5,Yes,Yes
2011-07-05,7.3,12.2,15,2,4.1,93,W,56,43,84,1005.3,1007.3,7,7,10.2,9.6,Yes,Yes
2012-04-18,12.8,25.7,0,3.2,9.1,24,E,11,13,46,1017.6,1013.5,5,6,18.9,25.3,No,No
2009-06-25,5.5,15,0,2.6,3.8,39,N,15,6,67,1013.7,1010,6,6,7.2,13.6,No,No
2012-07-18,20.1,27.9,0,3,9.4,31,S,17,15,59,1016,1012.1,2,1,23.1,27.2,No,No
2016-08-16,8.6,18,0,4,8,61,N,41,33,50,1026,1021.6,1,6,12.1,17.4,No,No
2014-09-17,12.5,27,0,4.8,10.6,43,S,9,31,35,1016.1,1012.5,1,7,19.6,26.5,No,No
2009-12-02,24.7,33.6,0,10.4,12.2,37,N,13,24,49,1011.2,1008.5,3,1,30.4,32.1,No,No
2015-03-13,7.5,20.9,0.2,4.6,11.4,39,N,13,19,35,1023.6,1019.8,6,3,11.4,18.9,No,No
2016-08-11,11.2,20.3,0,6.2,10.6,46,W,17,22,30,1018.4,1017,1,1,14,19.6,No,No
2009-05-28,4.9,13.9,0,1.8,5.8,31,S,9,15,49,1026.9,1025.4,1,7,7.8,13.3,No,No
2009-12-22,18.6,32.6,0,12.8,11.7,44,E,17,28,36,1006.6,1003.2,0,7,25.1,29.8,No,No
2010-12-28,15.3,32.8,0,15,13.6,35,E,19,6,8,1013.9,1010.5,0,0,22.5,30.3,No,No
2011-07-25,5.3,12.8,0.6,0,0.1,17,W,6,9,73,1015.5,1014.2,7,7,7.6,12.5,No,No
2016-04-04,15.3,25.1,0,5.2,4.3,37,S,13,19,63,1018,1016,7,7,21.3,23.9,No,No
2012-05-20,6.2,15,0.2,2.4,0.7,26,N,13,13,71,1028.3,1024.9,7,7,9.9,13.2,No,No
2010-03-19,14.3,31.2,0,5,8.3,39,E,9,13,28,1021.3,1018.1,7,2,18.9,30.2,No,No
2012-11-19,12.8,21.1,0,8.4,6.9,50,W,17,26,45,1014.2,1015.6,2,3,18.1,19.9,No,Yes
2012-09-04,11,28.7,0,8,10.1,74,N,35,46,3,1015.9,1008.3,0,0,20.3,28.3,No,No
2011-11-12,12.6,19.5,0,3.8,9.2,26,S,9,11,65,1019.7,1018.4,8,4,14.5,17.7,No,No
2012-05-02,8.3,13.4,1.8,1.4,0,31,W,20,19,88,1021.6,1021.8,8,8,13.4,11.8,Yes,Yes
2016-10-12,10.7,23.6,0,6.6,9.3,39,W,26,24,32,1016.5,1012.5,1,5,14.3,20.7,No,Yes
2010-12-02,14.9,25.1,38.8,2,5.9,65,N,20,19,81,1015.1,1013.6,7,7,18.2,18,Yes,Yes
2015-12-20,15.6,30.4,0,10.6,11.5,35,E,13,13,20,1015.4,1010,5,1,20.3,29.4,No,No
2012-10-31,18.6,30.2,0,11.4,3,76,N,48,13,24,1010.4,1009,6,7,25.6,30,No,Yes
2014-07-16,9.1,12.7,1,1.4,6.9,50,N,13,20,78,1011.4,1010.2,7,2,10.2,12.2,No,Yes
2009-11-14,12.5,26.7,0,3.4,12.8,33,W,11,19,55,1016.3,1011,2,2,20.9,25.8,No,No
2011-01-18,7.2,27.8,0,8.8,13.3,39,E,9,13,27,1012.8,1009.3,1,3,16.1,25.7,No,No
2015-08-11,2.6,19.1,0,3.7,9.9,54,N,11,31,29,1014.1,1007.5,0,3,10,18.4,No,No
2009-02-10,19.3,28.1,0,16,7.4,46,S,19,24,14,1010.2,1008.8,7,4,19.6,24.9,No,No
2010-11-10,17.2,33.7,0,8,5.4,44,N,13,22,17,1017.1,1014.1,7,7,24.9,31.9,No,No
2014-01-28,13.8,42.4,0,12.4,10.8,81,N,26,48,11,1008,1007.3,1,1,30.6,36.3,No,No
2013-09-11,7.3,15.2,10.2,2.2,9.6,48,W,17,26,52,1012.9,1013.3,5,4,12.4,13.9,Yes,No
2014-09-10,9.3,16.1,4.4,4,7.7,48,W,26,30,61,1016.8,1016.2,7,3,12,15.7,Yes,No
2014-08-30,16.8,32,0,8,11.2,31,N,6,20,36,1015.7,1011,0,0,25.2,29.9,No,No
2009-05-16,15.5,22.9,0,5,7.8,72,W,33,43,37,1008.2,1008.2,7,4,19.1,22,No,No
2015-11-01,17.5,26.8,0,7.8,9,44,E,15,17,59,1015.2,1010.6,1,3,21.9,25.4,No,Yes
2012-03-29,19.9,30.7,0,6.6,11.4,37,S,20,4,40,1014.1,1009.8,1,1,26.3,30.2,No,No
2017-02-23,21.6,28.1,0,11.6,11.5,46,N,17,22,52,1019.8,1017.2,1,1,25.4,27.3,No,No
2015-05-30,7.8,22.7,0,2.4,9.2,17,E,7,9,40,1026.8,1023.6,1,1,13.3,21.3,No,No
2012-11-15,10,28.5,0,6.8,8.3,41,E,9,24,13,1014.2,1010.9,6,7,17,26.1,No,No
2017-06-21,8.6,19.6,0,2,7.8,37,W,22,20,52,1025.9,1025.3,2,2,10.5,17.9,No,No
2010-01-15,21.5,30.8,0,9.2,10.5,33,E,11,15,42,1015.5,1013,7,4,26.6,30.2,No,No
2013-04-18,15.1,25.6,0,2.4,2.8,28,N,11,13,53,1014.3,1012.3,7,7,20.7,25.2,No,No
2010-01-26,20.7,34.3,0,7.2,13.2,52,E,28,17,32,1012.8,1009.4,1,2,25,33.2,No,No
2013-09-08,16.9,21.9,0,4.6,1.7,48,S,17,19,76,1026.2,1023.1,7,7,17.1,18.3,No,No
2012-03-16,14.7,30.2,0,9.8,11.3,50,E,20,28,13,1016.9,1011.8,0,0,20.1,29.5,No,No
2010-12-18,10.3,19.7,2,4.6,13.3,61,W,26,26,44,1007.9,1006.3,6,6,14.2,18,Yes,Yes
2010-08-31,11.8,15.7,5.2,2,0,41,E,9,19,84,1014,1012.9,7,8,13.6,14.7,Yes,Yes
2013-09-07,7.1,18.9,0,0.2,9.7,35,E,11,6,58,1027.4,1025.2,3,5,13.3,17.9,No,No
2010-09-16,11.5,24.3,0,5.4,11,43,E,17,15,28,1025.6,1023.7,2,2,15.6,23.6,No,No
2010-02-07,21,30.5,8.8,3.4,1.5,33,E,15,20,57,1016.2,1013.7,6,6,23.5,28.7,Yes,Yes
2009-08-13,8.5,13.9,13.6,0.2,3.9,37,S,6,9,91,1011.9,1010,8,7,10.9,12,Yes,Yes
2017-05-17,8,15.7,0.4,1,0,19,E,2,11,75,1020.5,1018.9,8,7,12.5,15,No,No
2010-05-12,5.3,14.1,0,2.8,4,33,W,22,19,65,1023.7,1023.5,4,7,8.8,12.7,No,No
2014-08-21,6.9,14.2,0.4,0.8,2.9,19,N,6,9,69,1029.1,1026.6,8,7,9.9,12.6,No,No
2015-03-22,18.4,25.3,1.4,5.4,1.6,37,E,20,28,54,1024.6,1021.9,7,7,22.3,24.5,Yes,Yes
2010-08-18,5,12.8,0,2.2,0.9,85,N,30,41,87,1011,1000.4,7,8,8.4,9,No,No
2013-12-13,14.2,34.7,0,12,13.4,48,E,20,20,8,1013.5,1009.7,1,1,27.9,33.4,No,No
2011-02-24,20.7,35.6,0,9.6,12,39,E,17,13,22,1015.5,1012.3,0,1,25.3,34.4,No,No
2011-07-10,13.3,19.4,0.2,2.2,7.1,46,W,24,22,62,1016.2,1013.5,7,1,16,18.6,No,Yes
2012-02-13,11.9,28.9,0,7,12.7,30,E,13,9,29,1016.2,1014.1,1,4,19.2,27.5,No,No
2010-09-21,2.1,21.2,0,3.2,9.2,43,S,4,9,47,1024.8,1022.2,1,1,10.7,20.9,No,No
2009-11-04,16.7,28.3,0,14.6,10.6,30,S,11,17,20,1017.8,1015.8,7,3,18.5,26.5,No,No
2012-11-14,6.2,20.1,0,7,9.6,31,S,11,19,41,1019.5,1017.1,1,7,13.1,19,No,No
2014-10-04,5.9,24.9,0.2,3.8,11.2,52,N,13,30,35,1015.7,1012.2,2,1,19.5,24.1,No,No
2013-04-12,7.2,24.6,0,0.4,7.4,20,N,11,9,63,1022.5,1018.2,7,3,13.5,22.1,No,No
2010-09-08,-0.7,15.1,0.2,2.8,9.8,30,N,6,13,38,1027,1021.1,2,2,7.9,14.7,No,Yes
2014-11-22,9.6,30.7,0,6.8,4.6,61,N,17,39,21,1010.9,1007.6,7,7,20.1,29.1,No,No
2015-05-25,3.3,16.3,0,1.4,2.7,30,N,19,15,51,1031.7,1028.7,7,7,10.4,15.9,No,No
2009-04-13,17.6,22.5,0,3,0,17,W,6,7,97,1021.4,1018.6,8,8,20.7,19.8,No,Yes
2013-10-14,16.3,22,0,5.2,10.2,57,N,24,24,73,1017.2,1013.5,5,4,20.3,21.2,No,Yes
2010-07-09,-0.8,17.5,0,1.6,7.9,39,E,9,19,44,1027.6,1023.3,1,7,3.2,17.3,No,No
2010-04-01,9.3,27.4,0,4.4,10.5,33,S,7,19,19,1021.1,1019,2,7,13.2,26.3,No,No
2015-02-24,8.8,18.9,2,6.2,9.1,43,N,9,22,50,1021.4,1021.9,2,7,14,16.3,Yes,No
2010-04-11,25,31.3,1.8,3.4,4,26,E,9,13,76,1010.1,1006.7,4,6,29,30.5,Yes,Yes
2014-06-14,8.6,14.6,0,1.6,0.9,39,W,11,17,84,1015.4,1015.1,7,7,10.4,13.7,No,Yes
2011-10-19,5.7,27,0,6,12.5,24,E,15,7,24,1030.3,1026.1,0,1,16,26,No,No
2013-09-21,6,19.1,0,3.2,5.4,39,N,20,17,78,1014.2,1009.8,4,7,13,16.5,No,No
2010-05-25,12.2,20.4,9.2,0.4,2.6,50,N,7,11,84,1008.1,1002.4,8,8,14.4,17.3,Yes,Yes
2010-09-03,13.3,18.5,1,1.8,0,50,S,13,20,63,1026,1023.7,8,8,14.7,16.6,No,Yes
2009-11-24,13,35.8,0,9.2,13.2,31,N,17,17,12,1019.2,1015.9,0,0,30,32.2,No,No
2012-05-01,7.8,17.6,0,3.6,0.6,41,N,24,22,84,1015.8,1015.4,7,8,15.1,14.4,No,Yes
2017-03-21,17.3,21.3,0,8,1.2,78,E,41,44,79,1009.8,1005.1,7,7,18.9,17.6,No,Yes
2013-04-10,22.6,28.5,21.2,7.6,0.3,61,S,19,11,81,1010.2,1005.9,7,8,24.4,26.6,Yes,Yes
2011-06-04,8.4,15.1,9.6,1.8,7.6,50,W,28,26,55,1014.4,1014.6,7,1,12.2,13.9,Yes,No
2010-09-23,4,15,0,2.8,6.3,26,W,2,11,65,1030.6,1027.7,8,6,9.9,13.7,No,No
2011-09-30,9,15.8,9.4,6,6.8,56,W,33,28,54,1001.6,1000.5,5,5,11.4,15.3,Yes,Yes
2014-11-01,14.9,21.9,0,5.4,6.7,43,E,26,28,70,1022.6,1020,3,4,19.9,21,No,Yes
2011-02-18,20.3,28.6,0,4.6,11.8,31,N,7,20,65,1014.1,1012.8,7,1,26.2,27.8,No,No
2009-07-12,18.9,24.3,0,6.2,0.4,33,S,19,15,70,1015.7,1013.4,6,7,22.4,23,No,No
2014-01-15,28.1,42.9,0,22.8,8.6,70,N,26,11,14,1014.5,1013.6,7,6,34.9,41.4,No,No
2012-08-21,6,16.1,0,2.8,7.7,63,N,35,43,45,1015.4,1010.3,1,7,9.8,14.7,No,No
2012-01-23,23.4,31.2,1.6,5.6,5.9,31,N,6,11,71,1008.1,1004.7,7,7,27.4,29.5,Yes,Yes
2012-11-11,5.8,27.5,0,5.4,12.6,61,N,48,35,24,1024.4,1020,1,0,16.7,26.3,No,No
2009-10-23,17.9,26.4,0,5,11.1,41,N,11,26,55,1019.7,1014.1,2,1,21.5,25.1,No,No
2013-10-13,9,14.5,0.4,4.4,8.6,76,W,26,41,49,1005,1011.7,3,6,12.8,11.9,No,Yes
2009-03-24,27.4,36.5,0,14.2,6.3,43,S,28,9,22,1012.9,1009,1,6,30.5,34.1,No,No
2015-03-21,26.4,33.6,0,6.2,9.2,59,W,13,31,66,1011.8,1007.9,2,2,30,32.7,No,No
2017-03-13,12.5,26.6,0,8.6,9.1,37,W,11,20,48,1013.4,1013.7,8,1,17.8,25.8,No,No
2013-03-18,16.1,31.8,0,14.6,11.6,35,E,17,22,18,1016.8,1012.4,0,0,22.6,30.7,No,No
2012-05-16,10.4,15.9,1,0.2,2.3,20,W,11,7,56,1027.1,1023.9,7,6,11.2,15.4,No,No
2008-08-22,-0.6,12.2,0,2.6,7,59,S,15,26,44,1018.5,1016.8,8,5,6.9,10.7,No,No
2016-03-22,14.3,23.8,25.4,2.8,6.9,50,W,20,19,63,1017.5,1015.5,3,7,17.1,21.5,Yes,Yes
2012-06-17,15.2,27.7,0,2.6,8.3,39,S,20,22,52,1020.1,1016.8,2,2,22.5,26.6,No,No
2010-07-16,15.1,18.9,4.8,2.6,7.7,70,W,33,35,61,1012.4,1011.4,6,4,17,18.5,Yes,No
2016-03-19,11.5,16.6,2.2,3,2.4,31,S,13,19,68,1016.9,1019.4,8,8,14.9,14.9,Yes,No
2009-11-22,10,17.2,0,0.4,1.7,63,N,13,7,77,1000.8,997.9,8,8,14.7,16.1,No,Yes
2014-05-13,14.4,22,12.4,2,6,22,W,9,15,63,1030.4,1027.2,6,3,16.7,20.2,Yes,No
2013-07-28,9.4,16.4,0,4.4,1.6,70,N,37,37,53,1020.7,1016.6,7,7,11.7,15.2,No,Yes
2012-09-02,4.6,18.9,0.2,1,9.2,48,N,31,26,60,1019.5,1018.4,2,1,12.5,17.4,No,No
2011-02-15,13.9,29.3,0,4.2,11.1,44,N,19,13,44,1021.6,1018.5,5,7,21.1,28.6,No,No
2010-06-27,6.1,12.9,8,0.2,6.6,28,W,15,9,66,1025.3,1022.6,3,6,6.8,11.4,Yes,No
2016-12-17,14.1,30.7,0,11,13.1,61,E,33,30,34,1014.2,1010.1,0,1,21.7,28,No,No
2008-08-31,8.7,18.5,0,3.2,1,30,N,7,15,51,1025.1,1022.7,7,7,12.3,16.9,No,Yes
2015-12-02,8.5,18.3,1.4,7.6,9.1,63,N,13,30,37,1011.1,1013.9,7,5,12.7,15.4,Yes,No
2009-06-09,9.2,17,0,2.6,6,59,W,26,35,34,1011.2,1007.9,3,6,12.3,15.6,No,No
2013-05-28,22.6,31.1,0,3,8.9,39,E,24,15,48,1013.5,1010.6,7,7,25.4,30.8,No,No
2017-02-22,19.5,30.1,0,7,12.2,57,N,28,35,47,1021.5,1018.2,2,1,25.5,28,No,No
2013-05-17,9.1,15.5,4.8,3,3.5,39,W,24,19,60,1016,1015.3,7,7,11.1,13.9,Yes,No
2012-08-27,6.6,13.7,0,2.6,2,44,N,20,22,64,1021.1,1017.8,7,7,8.6,13.2,No,No
2013-07-25,2.9,11.3,0,1,0.9,35,N,11,20,83,1026.7,1022.6,7,7,6.3,11.3,No,Yes
2012-07-23,5.4,14,0.4,2,0.3,19,N,9,9,72,1030,1026.3,7,7,9.2,13.3,No,No
2013-12-29,15,35.4,0,10.8,13.3,43,S,17,31,31,1010.2,1005.8,1,0,25.9,32.6,No,No
2009-04-15,8.7,15.5,5.8,4.8,7.3,81,W,46,28,48,1011.2,1012.5,7,6,10.4,13.8,Yes,No
2015-08-20,1,17.1,0,1.4,10.4,20,E,13,11,47,1028.4,1025,1,2,7.2,16.1,No,No
2012-08-03,6,16.2,0.2,1.8,9.1,50,N,31,6,45,1015.7,1013.4,2,6,8.7,15.8,No,No
2012-04-23,11.9,19.8,4,4.2,6.1,52,E,7,15,85,1008.1,1006.8,7,7,16.2,14.7,Yes,Yes
2015-12-18,18.1,40.6,0,16,12.3,46,N,19,19,14,1011.7,1007.6,2,7,31.7,39.2,No,No
2009-07-27,4.5,15.2,0,2.8,5.1,56,N,30,28,89,1016.2,1016.7,3,7,8.1,10.8,No,Yes
2016-05-03,12.3,20.1,0,7,6.1,65,N,20,30,57,1002.5,999.8,1,7,16.6,18.8,No,No
2009-09-14,8.7,27.2,0,7,9.5,57,W,19,31,70,1019.5,1020.1,1,7,24.2,19,No,No
2010-03-31,23.7,33.2,41.2,7.8,8.7,39,S,28,15,52,1007.4,1004.4,7,5,28.6,32.5,Yes,No
2016-02-02,24.7,31.3,11.6,6.4,3.7,46,W,26,24,76,1008.8,1006,6,8,30.2,29.8,Yes,Yes
2009-05-23,7.3,19.3,0,0.4,7.8,44,N,17,15,50,1027.2,1024.6,1,6,15.4,18,No,No
2009-03-07,20.2,29.8,0,6.2,11.2,28,W,9,17,53,1014.8,1011.4,4,3,26.1,28.6,No,No
2012-11-20,12.3,28.1,0,7.6,9.4,57,N,33,44,24,1020.4,1014.7,7,7,20.5,26.1,No,No
2012-07-18,4.3,14.7,0,2.4,8.2,35,W,9,20,39,1022.3,1020.9,5,5,6.8,13.2,No,No
2011-02-17,21.3,36.1,4.4,4.4,7.3,57,E,11,17,31,1008.8,1004.3,2,5,27.6,35.1,Yes,Yes
2008-07-22,3.3,10.9,5.2,1.6,6.2,52,N,11,20,54,1020.3,1022.2,2,2,7.9,10.6,Yes,No
2009-02-18,16.5,27.4,1.6,2,10,30,E,19,15,53,1009,1006.2,3,6,20.1,27,Yes,No
2012-01-16,25.6,33.7,4.4,4,8.8,59,N,6,22,66,1006.6,1004,7,7,30.4,33.3,Yes,No
2014-07-14,6.9,13.4,5.8,0.8,2.1,37,N,9,24,61,1032.9,1028,7,7,9.5,13,Yes,No
2010-02-19,13.8,32.6,0,8,12.1,74,N,50,31,23,1021.3,1018.3,1,1,22,30.8,No,No
2012-09-29,7.7,14.7,1.6,2.4,7.4,54,W,28,33,25,1010.7,1012.5,7,3,9.8,13.8,Yes,No
2011-01-07,23.3,38.5,4.8,10.4,10,57,N,24,9,27,1001.4,997.1,5,6,29.9,37.9,Yes,Yes
2013-10-02,9,16.4,1,5.6,4.7,78,N,30,28,84,1007.1,1001.2,7,7,11.7,13.8,No,Yes
2014-07-23,14.1,26.1,0,6,5.6,44,N,13,28,14,1017.9,1013.2,7,1,18.1,25.5,No,No
2013-04-10,12.3,24.8,0,4.2,9.6,26,N,15,11,42,1023.2,1020.6,5,5,15.4,24.1,No,No
2012-11-16,20.4,30.4,0,6.8,11,28,S,13,17,65,1013.8,1010.3,2,2,27.8,28.1,No,No
2013-11-21,9.8,12.3,3,1.6,0.2,41,S,19,22,99,1012.8,1012,8,7,10.8,11.5,Yes,Yes
2016-05-29,8.6,12.7,1.4,2,1.6,37,W,20,11,55,1020,1020.9,7,7,10.1,12,Yes,No
2013-10-05,11.3,25,0,5.2,9.2,28,W,15,13,41,1016.5,1010.4,4,6,17.8,23.4,No,No
2013-08-22,6.6,19.4,0,5.6,6.7,52,N,17,31,26,1013.8,1010,7,7,12.7,17.5,No,No
2016-12-27,22,40.5,2.2,4.4,5.6,56,E,17,24,19,1007.3,1002.2,7,7,26.6,39,Yes,No
2013-09-16,10.9,24.7,0.8,5.8,6.2,57,N,9,22,29,1004.4,999.2,7,7,14.5,22.7,No,Yes
2010-02-08,20.5,25.8,0,6.8,12.6,41,E,24,28,65,1020.7,1019.4,2,4,23.8,24.5,No,No
2015-12-19,13.1,42.8,0,6.6,9.3,72,N,26,37,12,1003.7,1001.7,2,8,32.3,38.6,No,No
2015-11-14,25,33.1,0,9.6,9.2,35,N,15,20,44,1012.8,1007.9,6,1,29.3,31.2,No,Yes
2016-04-22,14.7,24.2,1.4,2.8,7.9,35,S,6,17,52,1021.7,1018.9,1,3,17.5,22,Yes,No
2011-07-31,7.1,17.9,0,2.4,9.3,41,N,20,17,65,1015.4,1013.8,1,7,10.6,17.3,No,No
2010-11-07,23,31.3,0,7.2,3.3,39,S,19,22,48,1014.2,1011.2,7,7,27.3,29.3,No,No
2013-12-23,21.5,30.1,0,9,12.9,31,N,9,11,54,1016,1013.2,3,3,26.7,28.1,No,No
2017-03-12,18.5,24.8,0,11.2,0.5,37,E,11,9,87,1011.2,1008.5,7,8,21.4,20.7,No,Yes
2009-11-27,15.6,28.1,4.4,3.6,4,46,W,9,19,50,1005.9,1006.1,4,8,21.3,26,Yes,No
2016-05-22,24.9,33.5,1.8,5.8,9.5,33,E,13,19,56,1013.9,1010.5,6,3,27.4,31.9,Yes,No
2015-07-17,2,11.4,0,0.8,9.4,39,N,9,24,55,1017.9,1018.8,1,3,5.3,11.2,No,No
2015-11-23,12.8,23,0,6.2,7.8,33,W,17,17,45,1016.9,1015.3,7,5,14.8,20.6,No,No
2011-01-13,20,36.4,0,12,12.2,54,N,20,30,50,997.1,997.8,1,1,33.5,28.3,No,No
2012-05-26,11.3,19.7,10.6,1.8,8.2,30,W,9,13,45,1019.2,1015,6,3,13.2,19.3,Yes,No
2009-12-30,24.4,30.8,9.4,10.2,6.5,48,N,24,30,73,1012.2,1008.9,7,4,25.6,30.2,Yes,Yes
2011-08-04,12.1,23.5,0,3,8.8,37,N,20,17,28,1025.7,1022.9,2,3,16.7,23.3,No,No
2013-09-07,10.6,14.5,2.8,0.8,4,41,W,22,15,75,1024.7,1025.9,8,8,12.1,12.2,Yes,No
2017-04-01,14.9,30.1,0,8.2,10.8,33,E,11,7,25,1023.9,1020.3,0,0,20.3,29.5,No,No
2011-01-26,24.6,31.5,0,7.2,11.7,39,E,9,28,61,1011.3,1009.3,3,2,29.3,30.1,No,No
2012-02-11,13.3,22.4,0,3.2,9.9,48,S,30,30,47,1018.9,1017.6,7,6,16.8,21,No,No
2015-01-09,22.4,33.3,0,13.6,8.7,57,E,9,37,51,1010.6,1007.2,1,2,27.1,29.8,No,No
2012-03-26,7.6,19.5,0,2.6,4.2,26,N,9,9,52,1023.7,1022.3,7,5,11.9,17.6,No,No
2008-10-19,12.8,33.5,0,8.2,11.9,35,E,13,11,23,1021.6,1017.2,1,2,21.5,33,No,No
2012-06-13,5.8,14.7,0,2.2,1.9,52,N,19,26,72,1015.5,1012.5,8,6,10.2,12.2,No,Yes
2014-09-29,8.9,25.1,0,11.2,10.9,33,W,11,6,28,1017.1,1013.1,0,0,17.2,24.4,No,No
2015-03-22,15,24.6,0,5.2,9.6,39,S,17,17,35,1025.8,1024.3,4,2,19.1,23.1,No,No
2011-10-23,13.9,23.9,0,5.4,11.4,48,N,22,35,59,1024,1020.6,6,4,21.4,23,No,No
2009-08-14,6.7,17.1,3.4,1.8,9.7,61,N,13,20,66,1020.4,1017.2,2,4,10.8,15.6,Yes,No
2016-09-25,9.5,14.7,5.8,4.4,8.4,31,W,13,9,60,1011.4,1011.9,2,7,11.7,13.8,Yes,No
2013-03-17,11.4,16.5,4.6,4.8,0.9,39,S,20,19,54,1027.1,1027.4,7,8,13.9,15.6,Yes,Yes
2010-05-05,8.6,24.7,0,3.4,9.8,26,E,9,9,32,1025.7,1021.6,0,0,14.8,24.3,No,No
2011-10-17,12.9,30,0,13.2,12.1,48,E,30,22,9,1021.7,1016.4,2,2,21.4,29.7,No,No
2009-02-21,14.3,28.8,0,8,12.3,43,S,17,22,28,1018.4,1015.4,0,0,17.1,26.7,No,No
2009-08-22,-0.4,16,0.8,3.2,9.4,44,N,9,35,31,1008.3,1005.5,0,1,9.3,15.4,No,No
2009-05-15,12.5,18.4,0,4,0,57,N,19,22,61,1009.4,1005.8,7,7,14.6,18.1,No,No
2016-03-14,19,35.3,0,6,11.1,39,E,7,20,16,1016.1,1013,1,2,24.5,34,No,No
2009-09-01,5.1,15.3,0,1.2,8.6,24,W,9,13,46,1023.8,1021.8,3,3,11.4,14.5,No,No
2008-12-13,16.6,26.6,0,9.6,13.3,37,S,26,24,39,1012.9,1009.6,3,1,20.7,25.9,No,No
2014-01-12,29.7,41,0,16,12.2,37,N,17,17,33,1007.4,1008,1,1,39,33.1,No,No
2015-04-07,10.1,14.4,35.4,1.4,0.8,57,S,30,28,62,1019.6,1020.9,8,7,11.3,13,Yes,No
2009-11-19,12.8,34.7,0,4.4,13.1,93,E,9,7,27,1006.5,1005.1,7,7,23.4,32.1,No,No
2013-12-12,19.9,24.8,0,10.4,9.7,46,E,15,28,59,1011.9,1009.8,6,2,20.6,24,No,No
2012-10-06,14.3,30.9,0,5.4,11.4,20,E,6,11,48,1018.4,1013.1,0,1,26.1,28.6,No,No
2015-11-02,11.6,17.1,2.6,1,1.1,37,S,20,22,63,1014.8,1015.9,8,7,12.1,15.6,Yes,No
2014-07-09,7.6,10.6,0.2,4.4,1.3,76,N,35,9,84,997.5,996.7,6,8,8.6,8.9,No,Yes
2011-10-09,10.9,16,0.4,3.2,5.6,65,W,30,35,55,1007,1007.5,8,5,13,13.3,No,Yes
2015-08-28,9.2,20.9,0,5.8,5.2,39,E,24,17,31,1025,1020.3,7,7,13.2,19.6,No,No
2011-09-22,10.2,23.4,0,4.6,11.1,59,N,20,31,37,1018.4,1011.2,1,1,18.2,22.7,No,No
2015-06-05,6.4,13.8,4.2,2,1.3,50,N,26,17,65,1021.5,1022.7,7,7,8.5,12.5,Yes,No
2011-06-21,11.3,21.6,0,5,6.8,83,N,35,54,41,1004.8,1001.3,6,7,14.6,17.3,No,No
2014-04-23,13.4,26.1,0,4.2,9,24,W,20,13,36,1017.6,1014.9,7,3,17.6,24,No,No
2012-03-20,14.8,28,0,6.4,11,37,E,22,13,45,1018.4,1013.1,1,1,18.4,27.2,No,No
2009-12-03,13.3,17.6,0,9.2,9,56,W,35,33,62,1011.1,1017.5,8,7,16.6,16.3,No,No
2012-11-06,17.8,25.6,0,6.6,12.1,54,N,26,35,61,1019.9,1017.2,1,6,23,23.5,No,No
2009-06-23,9.2,14.8,0.8,2.4,0,41,E,20,17,91,1008.9,1006.3,7,8,11.2,11.9,No,Yes
2014-02-05,23.4,30.5,14.4,5.8,1.9,56,W,28,28,82,1005,1002.2,7,7,28.3,28.4,Yes,Yes
2013-06-04,20.7,30.8,0,9,11.1,44,E,28,20,40,1013.5,1008.9,1,1,24.4,30,No,No
2012-07-11,9.8,13.9,5.4,0.6,4.1,43,W,15,19,71,1012.2,1011.5,7,6,11.6,12.7,Yes,No
2009-02-27,12.4,30.1,0,8.2,11.9,54,N,13,30,57,1010,1010.3,3,6,20.4,23.3,No,No
2008-07-20,21.9,31.4,0,4.8,8.4,35,S,7,22,72,1013.6,1010,5,3,25.2,28.3,No,No
2012-10-31,12.2,25.2,1,1.6,11.9,39,E,9,26,59,1017.6,1014.9,1,1,22,24.1,No,No
2011-10-24,22.6,29.7,0,9,9.6,39,E,22,28,64,1016.3,1012.8,7,3,26.9,26.9,No,No
2015-09-24,14.6,20,11.4,5.6,8.8,54,W,26,20,72,1010.2,1008.3,3,2,18.3,17.8,Yes,Yes
2011-09-05,8.1,18.7,0,0.6,8.8,37,N,7,28,61,1023.6,1018.2,3,3,14.8,16.8,No,No
2008-08-25,5,20.1,0,1.6,10.3,30,E,6,15,59,1022.4,1020.8,3,4,12.8,18.8,No,No
2012-09-16,10.3,28.2,0,6.8,10.9,65,E,24,24,27,1020,1015.2,1,0,17.9,27.4,No,No
2013-07-30,7.4,20.4,0,2.6,7.7,35,E,15,19,45,1021.1,1017.8,6,5,14.7,19.6,No,No
2014-08-21,1.4,17.2,0,2.2,9.9,24,E,13,9,46,1030.3,1027.1,1,1,9.8,16.2,No,No
2010-02-25,23.8,41.5,0,11.4,12,33,E,11,11,17,1012.3,1008.6,1,1,30.5,40.8,No,No
2012-09-08,9,14.5,2.8,5.6,4.7,76,W,39,44,86,1013.1,1013,8,8,11.4,11.7,Yes,No
2009-03-02,14.6,24.2,0,5.2,5.1,39,E,6,26,58,1016.2,1013.2,8,6,16.8,23.1,No,No
2013-04-05,17.8,26.1,6,8.6,9.2,39,S,6,15,52,1025.5,1023.2,2,4,22.9,24.3,Yes,Yes
2014-07-08,8,13.6,0,2.6,4.5,85,N,50,44,68,1010.3,1005.6,7,3,9.5,11.2,No,No
2009-05-19,18,27.9,0,6.2,8.4,30,S,13,20,60,1013,1009.4,2,2,24.8,26.8,No,No
2010-08-14,9.8,24.2,0,5,10.5,31,S,7,20,50,1018.3,1015.3,0,1,19.3,23.3,No,No
2016-09-01,11,15.7,0.2,3.4,1.2,20,W,4,11,93,1018.7,1015.3,7,7,12.7,13,No,Yes
2014-11-14,18.4,20.3,0,12.4,1.3,52,S,24,30,58,1010.3,1014.2,6,7,19.9,17.2,No,No
2010-11-08,14.8,26.5,0,5.4,8.8,33,N,6,13,51,1014.8,1014.6,6,6,20.8,26.2,No,No
2009-01-03,10.6,28.6,0,9.2,13.6,30,E,20,9,18,1019.2,1016,0,1,17,27.1,No,No
2009-03-12,24.3,30.6,11.2,6.6,7.4,35,S,20,24,70,1012.4,1009.1,8,6,25.5,30.2,Yes,Yes
2012-06-06,4.2,12.2,5.2,0.4,7.6,52,S,19,24,48,1019.7,1020.6,3,1,8.4,11.1,Yes,No
2010-07-09,3.6,16.5,0,0.2,9,41,N,20,28,48,1029.7,1026.2,0,3,4.5,15.6,No,No
2014-10-15,4.1,21,0,7,12.2,35,S,15,17,20,1024.6,1020.8,0,0,10.5,19.3,No,No
2013-06-09,13.7,17.8,0,1.2,3.1,39,S,13,19,68,1022.9,1021.1,3,8,17.4,17.2,No,No
2013-05-15,8.1,14.6,11.4,0.6,6.1,69,W,24,31,67,1007.4,1007,5,5,12.5,14.2,Yes,Yes
2015-02-23,20.6,25.9,0,7.4,5.6,46,E,13,30,73,1016.8,1014,8,7,21.7,23.5,No,No
2015-11-04,14.6,25.3,0,7.2,12.2,31,S,6,13,45,1015.5,1011.3,1,1,20.9,24.5,No,No
2014-03-01,21.3,28.6,0,8.6,1.6,54,S,13,17,78,1011.2,1008,6,7,27.1,28.2,No,Yes
2009-03-17,24.2,32.6,12.8,3.8,9.6,100,E,11,13,62,1009.4,1005.8,6,5,26,32,Yes,Yes
2011-03-05,7,25,0,6.2,11.6,46,E,13,26,36,1019.7,1019.2,0,1,15.6,24.3,No,No
2012-08-23,8.8,10.8,3,2.4,1.4,41,N,22,20,89,997.3,998.2,7,8,9.7,9,Yes,Yes
2016-10-25,7.1,20.3,0,4.8,10.3,35,W,6,26,60,1016.8,1016.1,7,7,16.2,18.5,No,No
2012-06-17,9,20.8,0,1.6,9.5,37,W,9,11,42,1020.7,1018,1,0,16.7,19.6,No,No
2010-06-19,16.8,19.4,2,0,1.2,30,S,9,15,84,1016.3,1015.5,8,7,18.1,18.8,Yes,No
2009-04-01,10.9,25,0,6,10.6,50,W,2,37,55,1023.8,1021.6,1,1,16.4,24.5,No,No
2015-08-07,-0.8,20.3,0,4.6,10.8,37,E,17,13,25,1025,1021.7,0,0,10.1,19,No,No
2009-01-16,18.4,26.3,5.4,10.2,10.1,54,S,17,24,54,1013,1008.9,1,0,20.5,25.5,Yes,No
2015-09-08,6.1,19.8,0,4,10.6,39,W,28,20,29,1020.3,1016,1,1,13.3,19.2,No,No
2016-02-05,14.7,28.7,0,8.6,13.2,41,E,20,19,30,1017.3,1015.2,0,1,20.4,27.3,No,No
2009-05-31,8.3,10.8,12.4,0.4,0,22,E,13,13,91,1023,1020.5,7,8,9,10.4,Yes,No
2008-10-08,14.5,28.4,0,8.2,11,28,W,15,6,15,1018.6,1014.4,1,1,20.7,27.6,No,No
2010-04-06,14.9,24.9,0,7,0.5,48,N,26,20,42,1015,1011.9,7,8,20.3,23.2,No,Yes
2011-07-02,12.3,25.4,0,6.8,9,39,S,15,28,58,1020.8,1017.1,3,2,20.3,23.3,No,No
2013-07-31,18.5,31.6,0,8,9.4,39,E,20,19,19,1014.1,1009.8,7,6,24.1,30.7,No,No
2012-11-03,11.6,27.8,0,9.6,10.5,24,E,13,9,19,1017.1,1013.9,4,6,17.1,25.8,No,No
2012-05-22,7.6,17.9,0,3.6,2.5,61,N,35,31,45,1019.8,1016.5,7,6,9.9,16.7,No,No
2013-08-24,6.4,26.4,0,3.2,10,24,N,7,11,29,1018.2,1014.9,0,5,16.1,23.5,No,No
2016-02-12,14.6,28.1,0,8,9.6,31,E,13,13,41,1016.5,1012.8,7,1,17.7,27.1,No,No
2012-09-17,14.2,20.9,0,5.4,6,39,S,19,26,61,1019.4,1016.9,7,6,16.4,19.4,No,No
2009-06-07,6.9,14.6,0.6,0.4,1.1,41,N,15,2,80,1005.5,1003.8,7,7,10.1,12,No,Yes
2014-03-22,19.6,29.5,0.6,6.2,9.9,24,S,6,13,55,1018.2,1015.3,6,1,25.7,27.6,No,No
2010-04-10,12.6,21.7,1.6,1.6,2.6,35,N,11,15,70,1009.2,1006.7,7,7,16.7,19.8,Yes,Yes
2015-03-05,23.8,33.7,11.6,6.8,9.8,37,S,20,20,48,1010.5,1006,4,5,27.6,32.8,Yes,No
2011-09-07,11.3,18.1,1,8.4,10.4,48,W,30,24,36,1019.4,1017.7,2,3,15.2,17,No,No
2014-12-05,15.8,24.9,0.2,8.2,0.9,39,E,22,13,46,1016.6,1013.9,8,8,18.1,24.1,No,No
2009-11-29,11.6,29.7,0,8,12.7,39,E,7,28,39,1012.9,1012.6,1,0,23.6,26.6,No,No
2009-06-22,14.4,18.5,0,6,8,46,E,24,22,55,1026.6,1025.1,6,3,14.8,17.3,No,No
2016-07-26,6.5,11,4.8,2.2,1,46,N,15,17,60,1013,1010,8,7,8,10.2,Yes,No
2014-07-19,6.7,20.3,0,9,10,28,W,11,13,23,1019.4,1016.1,0,1,11.8,19.7,No,No
2016-01-23,22.5,24.7,22.6,3.4,9.5,52,S,31,39,73,1006.9,1008.7,3,6,23.7,23.5,Yes,No
2014-08-17,10.8,18.1,0.6,3,6.1,35,E,17,20,58,1023.6,1020.9,7,7,15.2,16.6,No,No
2016-03-17,17.4,35.3,0,6.8,5.6,74,N,20,28,24,1008,1001.7,7,7,24.7,32.6,No,Yes
2015-04-09,7.2,19.7,0,1.6,7.9,30,S,7,13,43,1026.4,1024.2,5,5,13.4,18.9,No,No
2014-12-16,13.3,33.6,0,4.6,10.4,85,S,11,39,8,996.1,992.1,1,5,20.9,31.8,No,No
2014-06-27,18.6,30.6,0,7.6,10.5,33,E,17,20,39,1016.2,1012.3,2,0,22.8,29.3,No,No
2010-01-02,16.9,37.4,0,9,13.5,57,E,20,20,16,1018.6,1014.3,0,0,25.4,36.2,No,No
2010-01-12,23.8,36.2,0,10.6,13.4,31,N,24,13,35,1014.4,1010.1,0,3,26.9,34.3,No,No
2010-06-08,12.7,24.8,0,6.2,10.7,28,S,9,17,40,1019.5,1016.5,0,0,19.9,23.8,No,No
2013-09-29,4.1,20.3,0.2,4.2,9.3,50,N,20,26,51,1015.1,1011.4,7,7,14.1,19.6,No,No
2014-08-06,12,17.4,0,3,8,30,S,15,13,53,1028,1025.5,5,7,14.6,16.5,No,No
2014-09-22,3.3,22.2,0,3,11,24,E,17,9,34,1031.4,1027.2,0,1,14,22,No,No
2013-11-18,15.2,20,11.2,4,0,59,S,30,24,91,1013.3,1010.5,8,8,17.9,18.4,Yes,Yes
2013-03-07,16.3,29.5,0,7.6,11.6,31,E,20,17,35,1018.2,1014.4,2,4,21.5,27.9,No,No
2009-05-23,12.6,22.9,0,4,10.2,44,E,24,19,50,1017.5,1015.7,2,4,16.8,22.4,No,No
2013-11-10,20.1,30.4,0,8.8,12,35,S,13,22,55,1012.4,1008.2,1,3,26.8,29.8,No,No
2010-07-08,6.9,17.5,0.6,0.6,0.7,17,S,4,11,56,1023.7,1020.2,7,7,10.1,17,No,No
2015-04-15,15,24.2,0,5,8.7,46,W,15,19,66,1025.1,1021.6,7,2,18.6,23.2,No,No
2012-09-15,9.3,15.9,0.2,1.6,3.9,19,W,6,4,56,1026.5,1023.7,8,5,11,15.4,No,No
2011-10-10,11.3,20,8.8,0.6,2,39,S,19,24,41,1016.3,1015.3,7,1,12.5,19.2,Yes,No
2011-05-19,19.9,27.5,4.4,4,5.1,50,S,24,30,55,1019.1,1016.6,6,5,22.9,26.4,Yes,Yes
2014-07-11,7.2,13.5,1.2,2,7.2,56,N,15,24,76,1016.5,1014.6,5,2,9.9,12.4,Yes,Yes
2013-09-07,8.1,17.6,0,1.2,5,56,W,15,28,50,1023.9,1022.8,4,6,13.9,16.2,No,No
2012-11-24,15.5,30.8,0,7.2,6.7,63,E,35,35,31,1014.1,1008,7,2,21,30.4,No,Yes
2016-10-23,8.8,29.3,0,8.8,12.5,39,N,7,24,19,1012,1009.7,0,0,23.2,25.7,No,No
2016-12-21,18.2,25.4,0,10,10.4,56,S,17,28,56,1012.4,1012.3,3,2,21.6,24.1,No,No
2009-11-13,15.8,23.4,0,5.6,12.2,41,E,24,28,44,1022.4,1018.1,6,5,19.4,22.6,No,No
2008-12-18,20.3,30.8,0,8.4,12.6,37,N,7,19,61,1010.6,1005.4,1,2,28.2,28.2,No,Yes
2010-04-02,12,29.5,0,4,10.1,24,E,13,7,31,1018.1,1014.4,6,2,18.9,28,No,No
2010-09-08,4.8,20.9,0,3.8,10,28,E,17,9,34,1024.8,1021,6,0,13.4,20.3,No,No
2011-08-07,10.8,19.4,0,3.8,1.2,33,N,26,7,53,1019.7,1015.2,7,7,16.1,19.2,No,No
2014-01-09,12.1,32.4,0,8,11.3,48,W,4,30,23,1020.4,1016.6,4,3,18.6,31.8,No,No
2009-02-09,9.3,20.1,0,5.2,11.1,54,S,19,24,26,1020.3,1019.3,7,4,15.1,19,No,No
2011-03-11,23.7,30.7,0.8,4,2.2,31,S,11,20,64,1009.5,1006,7,6,25.2,30,No,Yes
2017-03-21,22.8,28.6,90.6,5.8,3.7,26,E,7,11,70,1016.9,1014.9,8,8,26.2,27.7,Yes,Yes
2010-11-20,22.9,30.9,18.4,3.4,3.7,37,S,15,24,63,1011.7,1008.9,7,4,27.4,29.3,Yes,Yes
2012-05-20,3.4,18.5,0,2.6,9.1,26,S,7,9,36,1028.4,1024.9,4,1,6.4,18.1,No,No
2012-02-11,14.7,19.3,0.2,3.2,9.9,39,S,17,24,70,1018.6,1018.2,3,8,16.2,16.7,No,Yes
2016-08-13,8.3,20.3,0,3.2,10.6,41,W,24,19,31,1022.5,1020.2,1,2,12.4,19.8,No,No
2012-01-09,16.4,32.7,0,9.2,13.2,54,E,30,20,33,1018.7,1014.6,0,1,22.4,30.6,No,No
2013-09-04,12.9,23.7,0,3.8,10.1,50,N,9,37,35,1033.5,1028.4,1,1,19.1,22,No,No
2009-03-14,13,27.6,0,3,6.7,50,N,6,22,41,1014.5,1009.3,5,7,16.3,25.6,No,Yes
2012-07-23,7.4,13.7,1.6,2,0.3,20,N,9,11,67,1030.1,1026.9,8,8,9.6,13.3,Yes,No
2011-01-24,23.9,29.7,37.6,5.6,0.9,50,N,19,13,97,1005.7,1004.7,8,8,25.8,24.6,Yes,Yes
2012-04-11,10.3,19.2,0,0.8,6.8,31,E,11,9,43,1036.9,1033.6,8,1,14.3,18.4,No,No
2015-06-17,14.5,19.4,53.4,4.4,3.2,37,N,20,24,74,1016.6,1013.7,8,5,15,18.6,Yes,Yes
2015-10-01,16.8,22.9,0,5.6,9.6,33,W,6,24,65,1026.4,1022.8,4,1,19.9,21.7,No,No
2014-11-20,15.6,31.2,0,14.4,0.2,76,N,59,31,35,1006.9,1005.5,8,8,23.6,27.1,No,No
2016-01-04,16.7,34.1,0,14.1,13.2,50,S,26,22,24,1012.6,1010.2,0,1,21.1,32.1,No,No
2009-07-05,3.5,15.7,0,2.8,4.8,37,S,9,20,51,1020.5,1018.1,8,8,8.2,14.2,No,No
2017-04-20,14.8,26.3,0,7.4,5.1,61,N,37,30,38,1026,1022.3,3,7,20.2,24.6,No,Yes
2009-11-15,25.1,33.3,7.2,6,8.1,37,W,15,33,62,1008.5,1004.9,3,2,30.3,32.4,Yes,No
2015-09-14,13.5,18.9,4.4,4.4,7.7,41,E,26,19,51,1024.1,1022.5,7,1,15.4,18.1,Yes,No
2010-02-18,18.9,35.5,0,15.2,12.2,59,S,6,31,13,1013.2,1009.8,0,1,27.7,34.9,No,No
2013-09-10,10.8,16.3,0,8,5.5,54,W,20,24,54,1007.5,1006.7,7,7,12,14.3,No,No
2009-01-03,20.8,32.2,0,11.8,12.7,46,S,15,20,37,1012.4,1010.9,4,1,22.9,31.4,No,No
2009-01-01,24.5,31.5,2.4,4.2,3.4,39,W,24,24,72,1004.1,1002.2,7,7,29,30.5,Yes,No
2011-05-06,8.5,12.5,0,1.2,0.1,20,N,9,2,64,1026.1,1023.2,8,8,9.5,12.4,No,No
2016-05-06,15.9,24.7,0,7,9.8,43,N,24,17,40,1015.2,1013.4,2,6,18.4,24.3,No,No
2013-09-02,10.5,20.9,0,6.6,10.3,46,W,9,15,59,1031.2,1029.5,1,1,15.3,20.1,No,No
2012-07-24,6.4,15,0,0.4,2.2,31,N,7,13,61,1024.5,1020.2,7,7,7.6,14.2,No,No
2009-09-27,7,12.1,32.4,2.4,4.5,83,S,35,35,78,988.3,999,8,6,10.2,11.4,Yes,Yes
2010-03-03,17.4,31.4,0,9,11.4,39,S,7,28,40,1014.5,1011.6,0,0,24.3,30.3,No,No
2016-04-09,22.9,30.9,7.4,2.8,8.4,48,S,15,30,63,1015.8,1013,7,3,24.9,29.6,Yes,Yes
2014-07-27,6.5,16.1,0.4,1.6,6.4,44,N,24,26,63,1021.1,1017.3,7,5,8.6,15.1,No,No
2009-09-29,8.9,31.5,0,7.2,11.6,48,N,19,11,6,1012.7,1006.7,0,0,21.7,30.6,No,No
2013-10-25,8.4,14.5,3,2.2,2.1,59,W,20,37,74,1024.2,1023.6,8,8,10.7,13.2,Yes,No
2014-09-28,16.6,26,0,9,8.2,83,N,28,50,54,1005,1003.6,7,5,22.7,20.6,No,No
2010-02-07,14.2,23.5,2.2,2,3.6,37,E,17,24,92,1025,1022.4,7,8,18.7,20.2,Yes,No
2010-08-08,2.5,13.4,0,1.2,0.8,30,N,9,9,55,1016.3,1012.8,7,7,8.8,12.9,No,Yes
2014-01-23,19.7,26,0.4,4.4,4.6,37,E,24,26,45,1023.3,1020.9,5,7,23,25,No,No
2009-10-24,18,22.9,2.4,6.4,8.1,37,S,17,26,64,1018.9,1015.6,7,1,19.7,22.4,Yes,No
2013-12-08,16.5,25.6,0,8,10.9,44,E,17,30,39,1016.3,1014,5,1,20.1,24.1,No,No
2014-07-26,3.8,21.8,0,3.6,10.6,37,E,15,17,27,1027.6,1024.3,0,0,13.6,21.4,No,No
2016-01-30,9.7,24.1,4.6,2.8,4.5,56,E,6,19,58,1006.9,1003.9,7,6,11.7,21.5,Yes,Yes
2017-06-05,23.3,32.4,0,5.4,8.9,43,E,20,24,32,1014.5,1011.1,3,3,25.6,32.1,No,No
2013-08-02,7.4,20.6,0,3,8.6,26,N,2,13,52,1027.8,1025.8,5,2,14.1,19.8,No,No
2016-02-29,13.6,26.4,0,6.8,7.7,37,S,6,17,49,1021.8,1019.1,7,6,17.1,24.9,No,No
2013-10-01,16.1,17.1,0,8.8,3.2,67,W,24,24,55,1005.2,1009,7,7,17,14.7,No,Yes
2016-10-03,9.1,18.8,0,4,1.8,31,W,11,13,80,1019.9,1019.2,8,7,16.6,16.6,No,No
2013-08-23,9.5,14.9,0.6,3,0.2,63,W,31,35,72,1008.9,1010.9,8,7,12.1,13.5,No,No
2013-01-14,22.1,36.3,4.6,14,9.4,52,S,24,19,28,1007.8,1005.9,7,1,23.5,34.2,Yes,No
2013-04-03,17,18.6,27.4,6.6,0,48,S,22,20,79,1020.9,1021.7,7,8,17,18,Yes,Yes
2016-04-26,9,25.7,0,5.2,10.3,50,N,20,26,25,1028.3,1023.7,1,2,17.4,25,No,No
2013-06-28,6.7,15.7,0,0.6,2.2,20,E,11,7,65,1024.2,1022.3,7,7,10.1,15.1,No,No
2009-09-17,15.2,17.7,0,8.4,0,54,N,31,26,94,1009.3,1008.8,8,8,17.1,11.8,No,Yes
2012-05-13,8,22.9,0,6.2,10.3,39,E,28,20,28,1023.9,1020.8,0,1,15.3,22,No,No
2013-09-04,15.8,35.6,0,10.2,9.7,54,N,26,31,7,1021.4,1017.9,0,2,24.8,35.3,No,No
2012-02-29,20.6,30.6,0,6.8,11.5,24,S,4,9,63,1016.3,1012.1,2,1,27.2,29.4,No,No
2016-05-25,7.2,15.8,0,3,1.4,65,N,43,28,82,1014.5,1010,7,7,11.2,12.2,No,Yes
2013-07-06,8.4,14.4,0,3.4,4.6,44,N,19,17,53,1016.8,1016.7,2,6,9,13.4,No,Yes
2013-01-19,16.6,33.2,0,9.4,12.9,43,E,13,17,30,1015.7,1011.1,0,0,23.3,31.3,No,No
2010-12-12,16.9,32.4,0,7,13.4,28,E,15,9,24,1009.8,1006.6,1,2,25.6,31.7,No,No
2012-03-19,20.4,24,1.8,4,1.9,37,S,20,20,70,1012.4,1012.4,7,7,22.2,22.7,Yes,No
2009-02-23,18.3,35.2,0,9,10.1,54,N,17,31,12,1013.5,1009,1,5,26,34.6,No,No
2011-11-16,9.4,23.9,0,7.4,12.1,39,W,13,17,46,1013.4,1011.8,1,6,20,22.1,No,No
2008-04-16,6.3,19.3,0,3.4,10.6,31,S,9,13,39,1027.9,1024.4,1,1,12.6,18.8,No,No
2013-08-28,11.8,23.3,0,3,10.8,39,W,20,24,38,1021.5,1020.2,1,2,14.9,22.1,No,No
2015-03-04,17.5,33,0,8,11.6,50,E,20,19,24,1022.2,1018.4,0,2,22.4,32,No,No
2014-02-15,19.3,23.5,16.2,4.8,0,46,E,20,15,93,998.6,994.7,8,8,19.9,21.7,Yes,Yes
2008-08-21,20.2,33.2,0,7.2,11,41,E,13,20,48,1016.9,1012.6,0,4,25.1,29.5,No,No
2011-12-27,9.3,22.4,0,6.6,3.7,33,S,6,15,51,1016.5,1015.3,7,7,16.8,20.6,No,No
2015-06-09,8.9,13.9,4.6,5,5.8,46,W,13,17,59,1021.5,1023.8,7,7,9.7,12.5,Yes,No
2014-11-16,14.1,20.9,22.8,4.6,3.6,61,W,39,37,44,1005.2,1007.6,7,6,16.1,19.4,Yes,No
2012-04-12,13.1,30.8,0,6,5.3,22,E,4,7,28,1021.7,1019.1,7,7,21.7,27.5,No,No
2010-08-15,8.5,23.8,0,2.8,10.5,52,N,22,22,23,1010.5,1007.5,1,3,17.6,22.1,No,No
2009-10-19,12.6,30,0,7.8,12.3,44,N,13,22,8,1025.5,1021.3,0,0,19.9,28.7,No,No
2012-09-18,2.6,16.2,0.4,0.4,10.4,31,S,15,22,63,1016.9,1015.5,5,3,12.7,13.9,No,No
2009-07-13,7.9,25.5,0,2.6,10,26,S,2,13,35,1014.1,1008.7,0,1,15.1,25,No,No
2014-12-25,15.3,31.9,0,12,13.3,70,E,30,24,20,1021.8,1018.2,0,0,23.6,31.1,No,No
2014-06-11,1.9,16.7,0,1.2,7.1,22,E,15,9,59,1027.6,1022.8,1,2,7.4,15.4,No,No
2014-10-19,12.4,23.9,0,2.6,12,41,W,9,19,49,1027.5,1022.6,1,1,18.6,23.1,No,No
2010-12-25,18.6,39.9,0,8,13.3,50,E,13,7,21,1010,1007.2,0,0,28.7,39.5,No,No
2011-10-12,5.3,19,0,2.6,11.3,37,E,15,9,46,1021.2,1017.9,1,2,10.4,18,No,No
2015-10-06,4.9,21.6,0,5.2,11.2,46,E,22,15,22,1029.8,1026.1,1,0,14.1,20.9,No,No
2009-10-14,9.6,14.8,7,3,5.1,61,W,31,28,68,1011.2,1012.4,8,8,10.4,13.3,Yes,Yes
2012-05-21,6.9,15.5,0,1.2,4.2,48,N,19,26,65,1021.4,1018,7,4,9,15.2,No,Yes
2013-05-08,12.4,21.6,0,3.4,5.3,22,W,13,9,51,1031.1,1028.1,7,4,15.2,21.2,No,No
2011-12-29,15,36.1,0,16,12.8,44,E,22,22,8,1009.4,1006.1,6,6,28.2,35.5,No,No
2010-01-23,13.2,22.3,0.6,4,8,37,S,19,20,35,1015.6,1016.2,7,1,15.8,21.5,No,No
2012-06-20,3.4,19.1,0,2.6,8.5,50,N,15,28,30,1019.7,1013,1,1,8.2,18.7,No,No
2010-05-20,5.4,16.3,0.2,0.4,9.5,26,W,6,9,77,1023.3,1021.8,3,4,10.6,14.3,No,Yes
2015-02-15,22.3,32,30.2,8,7.5,46,E,9,19,67,1009.5,1006.7,7,7,26.3,31.5,Yes,Yes
2010-03-09,14.7,19.3,2.2,3,7.3,57,W,30,39,38,1013.7,1017.2,3,5,16.5,18.7,Yes,No
2012-08-13,2.9,13.7,0.2,1.2,3.8,39,N,11,20,60,1023.5,1018.5,2,7,6.6,13.3,No,Yes
2013-10-11,7.3,19.5,4.6,0.8,10.3,43,W,22,26,37,1015.8,1014.8,3,4,12.3,18.7,Yes,No
2014-03-17,24.4,34,8.6,7.8,7.6,30,N,7,17,38,1012,1008.5,5,7,29.3,33.2,Yes,No
2015-01-30,16.1,34.6,0,11.4,13,35,E,11,9,17,1009.5,1006,1,1,27.3,32.9,No,No
2010-11-01,17.6,18.5,0,6.6,0.1,52,S,41,39,82,1014.9,1012.2,7,7,18,18.1,No,Yes
2013-07-06,7.9,14.7,0,3.4,4.6,48,N,31,20,46,1016.7,1016.7,2,6,8.9,13.7,No,Yes
2011-07-05,7.9,11.6,9.4,2,4.1,76,W,35,33,86,1008.9,1009.4,5,7,9.6,10.1,Yes,Yes
2010-01-27,21.9,33.6,0,9.2,11.8,41,W,6,15,51,1012.7,1010,1,1,28.3,30.9,No,No
2010-08-20,4.9,11.9,2,2.4,5.5,57,N,24,22,60,1011.4,1010.7,1,7,7.7,11.3,Yes,Yes
2014-06-14,9.3,12.8,71.2,0.6,1,44,S,22,13,72,1018.1,1019.6,8,8,12.5,12,Yes,Yes
2009-04-16,7.2,18.1,4.4,5.8,7.1,65,N,24,24,51,1001.1,998.9,4,6,11.2,15.7,Yes,No
2012-02-29,20.2,32.6,0,6.2,11.6,39,N,22,17,42,1014.3,1010.8,2,6,24.7,31.5,No,No
2013-12-11,13.1,20.6,0,8.6,10.6,69,W,31,43,64,1007,1007.9,2,7,18.1,16.6,No,No
2009-07-24,1.2,15.5,0,1.6,10.3,20,E,7,4,38,1027,1024.7,0,1,8,14.8,No,No
2015-08-23,7.5,13,6,1.4,9.1,31,S,7,17,77,1020.6,1021.3,7,8,9.5,10.9,Yes,No
2009-11-20,19.9,41.8,0,13.2,3.2,94,E,13,28,10,1007.7,1003.9,2,7,31.4,39.5,No,No
2013-05-08,16.5,21.6,30.6,4.6,4,72,N,24,41,53,996.7,992,7,7,17.4,18.8,Yes,Yes
2011-09-11,9,13.1,4.4,2.4,8.8,46,S,19,17,53,1021.4,1023,6,7,11.4,11.8,Yes,No
2015-02-01,24.3,33.1,12.6,4.2,11.1,30,W,9,17,65,1008.1,1004.9,1,2,29.8,31.6,Yes,No
2016-03-24,16.5,27.4,0,5.2,9.3,31,W,11,24,51,1020.7,1019,6,3,19.4,25.8,No,No
2013-10-22,15.9,25.9,2.2,14.8,9.1,76,W,26,44,29,1013.4,1012.6,5,1,17.3,24.8,Yes,No
2015-11-11,12.3,24.1,0,7,4.8,46,E,17,15,40,1018.2,1015.7,7,7,14.8,22.4,No,No
2011-01-28,14,33.9,0,10.6,13.5,31,E,7,6,16,1017.2,1015.3,0,1,20.7,32.8,No,No
2016-04-07,13.7,24.8,0,6.4,8.3,52,E,11,9,34,1025.6,1021.2,8,7,17.4,24.6,No,No
2010-05-10,13,20.1,0,4.4,8.2,54,N,31,31,55,1017.3,1011.6,2,5,15,18.5,No,Yes
2013-10-28,23.9,34.1,0.4,5.2,9.6,50,S,11,22,46,1013.6,1009.5,6,4,27.7,32.8,No,No
2011-09-17,14.5,23.9,0,5.8,9.6,35,S,17,26,60,1017.6,1013.1,1,5,18.1,22.1,No,No
2010-09-22,5.6,13.6,0,0.8,1.2,33,S,13,19,67,1028.5,1026.8,7,7,12,12.1,No,No
2011-05-13,10.7,16.1,6.6,1.4,6.3,43,W,15,26,84,1020.7,1020.2,8,6,11.9,13.9,Yes,No
2011-01-30,19.8,39.8,0,17,13,50,E,24,24,10,1010.3,1004.9,0,2,31.7,39,No,No
2009-08-16,10.1,19.4,0.8,11.2,10.5,61,W,31,37,10,1012.7,1013.2,1,1,14,18.7,No,No
2016-02-07,17.2,31.7,0,11,12.7,41,N,28,26,43,1016.5,1015.4,6,3,26.4,29.4,No,No
2010-06-22,3.6,14.3,0,0.8,6.6,19,N,11,7,62,1037.9,1035.6,5,7,5.1,12.7,No,No
2015-02-27,20.9,39.8,0,11.8,11.9,33,E,17,19,16,1006.9,1002.7,4,2,29.9,39.2,No,No
2009-06-11,6.8,12.1,0,1.2,3.7,35,N,17,17,59,1025.4,1022.3,7,4,8.3,10.9,No,No
2017-01-27,21.4,34,0,14.2,12.9,43,S,9,19,39,1009.9,1007.8,3,1,27.4,31.1,No,No
2011-01-04,12.7,22,0,5.6,12,37,S,17,26,46,1013.9,1011.1,3,3,15.2,21.7,No,No
2009-07-22,11.8,19.2,0,2,6.7,33,N,7,22,48,1024.7,1022.2,7,1,16,18.1,No,No
2010-04-29,10.4,21.3,0,4.6,9.7,31,S,11,13,45,1027.4,1024.4,6,1,16.5,20.8,No,No
2014-08-30,0.4,19,0,1.8,10.4,17,E,7,6,35,1027.2,1022.9,0,1,9.6,18.1,No,No
2015-03-30,7.3,26.6,0,3.5,10.1,31,N,6,9,29,1025.1,1023.1,0,2,15.5,24.7,No,No
2009-06-12,1.4,10.3,0,0.4,4.7,61,N,31,30,68,1022.3,1019.1,6,7,5.9,9,No,No
2012-04-13,4.7,23.1,0,3.2,10.7,17,E,11,7,29,1032.8,1027.9,0,6,12.1,22.4,No,No
2010-02-12,16.5,33.1,0,5.2,12.3,46,S,15,31,39,1014.2,1010.9,1,2,26.2,31.7,No,No
2009-01-21,16.7,34.1,21.2,11,12.1,44,N,4,22,27,1012,1008.2,1,1,22.3,32.7,Yes,No
2009-06-16,4.7,21.1,0,2,7.7,28,N,9,15,30,1024.2,1020.7,1,3,11.3,20.3,No,No
2009-07-01,13,23,0,8,10.3,28,S,13,11,25,1019.5,1016.2,0,1,17,22.1,No,No
2010-04-11,11.2,16.6,2.6,4,8.5,72,W,37,37,42,1007.7,1010,4,7,14,16.1,Yes,No
2014-03-15,13.5,21,4.2,5.8,6,69,W,19,39,51,1005.5,1005.4,2,7,19.8,19.2,Yes,Yes
2010-11-24,20.7,31,0,11.6,7.4,59,N,17,28,39,1018.1,1016.3,7,7,25.5,28,No,Yes
2013-12-29,13.6,33.4,0,13.4,13.7,44,S,19,24,1,1010.4,1009.1,2,1,22.2,32,No,No
2016-05-05,12.6,20.5,0,3.8,9.8,54,N,20,20,52,1016.7,1013,3,3,16.1,20,No,No
2016-05-29,11.9,23.8,0,17,9.5,22,W,9,2,24,1019,1016.2,0,3,16.7,23,No,No
2008-09-18,24.8,34.1,0,6.4,9,44,W,11,22,42,1014,1010.1,1,6,29,32.9,No,No
2016-05-01,12.8,18,6.6,5.2,1.9,89,N,20,19,50,996.6,987.3,8,6,12.8,17.1,Yes,Yes
2011-11-17,22.9,30.7,0,11,12,43,E,22,30,58,1014.4,1011.2,3,3,28.5,28.7,No,No
2015-10-15,8,20.5,1.8,5.6,9.4,37,S,22,22,35,1022.7,1021.2,7,2,16.7,18.6,Yes,No
2013-03-13,22.7,27.7,5.4,4.2,0.5,48,S,17,15,86,1007.1,1004.3,7,7,24.9,25.7,Yes,Yes
2014-08-17,6.5,13.7,0,1,4.1,43,S,17,31,60,1018.3,1016.4,7,7,9.8,12.5,No,No
2017-05-07,14.5,21,0,4,10,54,W,33,19,47,1023.8,1023.4,1,1,17.9,19.5,No,No
2010-09-15,12.7,20.6,9.4,3.4,5.9,48,W,28,19,63,1010.8,1010.2,6,2,16.2,18.9,Yes,No
2013-12-09,15.8,17.8,4,9.8,2.4,50,W,11,22,74,1007.6,1008.2,8,8,15.9,15.7,Yes,Yes
2010-04-09,15.7,25.6,0,5.6,8.7,41,S,13,30,47,1019,1016,2,1,17.7,23.6,No,No
2011-03-24,20.7,30.9,0,7.8,11.2,31,W,9,15,34,1009.8,1006.5,1,2,26.3,30.3,No,No
2012-05-08,22.2,29.3,0,7.4,10.8,39,S,15,24,45,1014.8,1011.9,2,3,25,28.1,No,No
2013-06-06,14.3,19.1,1.2,2.6,5,39,S,22,22,59,1023.9,1022.6,7,6,16.9,17.9,Yes,No
2014-04-07,14.6,28.7,0,7,10.4,33,E,19,9,33,1020.9,1017.1,1,3,21.9,28.1,No,No
2015-04-09,7,21.7,0,4,8.5,31,S,13,17,35,1026.9,1022.9,1,2,12.8,20.3,No,No
2012-11-15,8.9,19.8,0,4,5.7,37,W,19,24,51,1015.2,1013.5,8,8,16.4,18.6,No,No
2011-02-04,25.3,37.4,0,12,12.5,46,N,26,15,35,1015.9,1012.5,2,6,28.5,36.2,No,No
2011-03-06,7.9,26.5,0,4.8,12,59,N,28,22,34,1025,1022.3,0,1,16.9,25.5,No,No
2013-12-11,17.1,33.6,0,12.6,13,57,E,24,24,26,1017.4,1014.2,1,1,25.2,32.3,No,No
2009-08-30,7.6,14.1,1.6,2.8,7.9,69,W,43,48,47,1008,1009.5,3,5,9.8,12.5,Yes,No
2014-10-20,17.1,38,0,14.8,12.4,48,E,17,17,2,1020.9,1017,4,2,24.8,37.1,No,No
2014-12-05,23.6,32.8,0,12.6,12.2,37,N,13,20,49,1011.8,1007.3,3,3,28.9,31.1,No,No
2012-10-19,10.2,23.3,0,5.2,11.7,30,W,9,15,58,1018.4,1018.3,4,5,20.6,21.1,No,No
2014-04-24,12.4,17.2,0.6,2.8,7.1,39,W,15,15,38,1015.1,1017.5,7,1,13,16.7,No,No
2010-04-26,6.5,19.2,0,3,6.9,48,N,20,20,51,1023.2,1018.5,7,4,11.3,18.5,No,Yes
2010-05-03,3.9,19.9,0,0.8,9.2,48,N,11,19,59,1023.8,1015.7,2,6,9,18.9,No,Yes
2016-02-21,20.6,26.7,26.8,8.2,4.8,46,S,30,24,78,1025.2,1024.6,6,4,21.7,25.3,Yes,No
2011-05-22,11.2,20.6,0,2,0.3,35,N,4,15,75,1022.4,1017.9,7,7,16.6,19.7,No,No
2014-04-17,6.3,21.2,0,3.4,10.6,22,E,9,13,43,1021.6,1018.9,1,1,13.7,21.1,No,No
2015-06-18,18.6,28.4,0,3.8,8.6,28,S,17,20,60,1015.5,1012.3,2,3,24.9,27,No,No
2017-03-19,15.1,34.6,0,7.6,11.4,37,N,24,13,24,1019.8,1015.4,0,0,22.1,33.3,No,Yes
2015-01-26,11.2,25,0,11,13.3,37,S,17,15,26,1017.1,1014.2,0,1,16,22.8,No,No
2016-10-20,5.3,18,0.4,2.2,5.9,59,N,19,28,34,1015.3,1011.1,7,7,10.1,17.3,No,No
2014-05-15,13.1,21.6,0,4.2,9.4,81,N,43,41,47,1022.3,1019.9,6,7,16.1,20.9,No,No
2008-07-30,12.4,16.2,30.6,3.2,5.7,54,W,19,24,45,1005.1,1005.5,4,6,14.4,15,Yes,Yes
2010-06-22,8.1,19.6,0,2,3,41,N,9,24,55,1021,1018.4,7,7,11.6,19.2,No,Yes
2014-12-28,7.3,28.7,0,5,13.8,41,W,7,30,33,1014.9,1009.8,1,1,17.2,25.5,No,Yes
2013-10-25,5.9,28.1,0,10.4,12.6,35,S,9,15,4,1021.6,1018.3,0,1,17.6,27.3,No,No
2013-06-08,13.5,19.2,0,3,1.5,43,W,19,11,53,1030.7,1028.6,7,7,14.2,17.5,No,No
2008-06-03,9.8,14.4,0.8,0.6,0,20,S,9,11,86,1028.5,1027.2,8,8,12.1,13.6,No,Yes
2014-12-03,26.5,33.3,0.4,7.6,8.4,31,N,11,22,56,1010.2,1006.3,7,7,29.1,31.9,No,No
2010-10-19,14,18.7,5,6.4,0.8,41,S,31,24,57,1025.5,1026.4,7,7,14.7,16.3,Yes,No
2016-03-02,13.3,31.4,0,8.4,11.9,28,E,9,15,34,1019.3,1015.7,1,0,22.4,30.8,No,No
2010-05-17,3.3,17.8,0,1.2,9.8,24,N,13,9,63,1020.8,1018.4,1,2,9.8,17.1,No,No
2010-05-05,14.4,24.3,6.4,1,10.3,30,W,6,13,62,1015.1,1011.6,1,1,20.3,23.7,Yes,No
